type,name,module,path,hash
"csv","agent-manifest","_config","_config/agent-manifest.csv","359687015af9b349022e4ed0fddd89f609c0d8f23d57816b5c2e56d3b32b35fd"
"csv","task-manifest","_config","_config/task-manifest.csv","4d40aa929231dc109a3e2183cf0238e77340e7f2d884045bde4e334d04571bd6"
"csv","workflow-manifest","_config","_config/workflow-manifest.csv","a18bf97b28cb30df93d4f1032d0b9fcf278ca9b9518536185e0087bef32676e7"
"yaml","manifest","_config","_config/manifest.yaml","bce04ddb2b8b667eaadc39ca06fc993419fa1d9a2058d0fe41282a9f9c2d1fed"
"md","documentation-standards","_memory","_memory/tech-writer-sidecar/documentation-standards.md","b046192ee42fcd1a3e9b2ae6911a0db38510323d072c8d75bad0594f943039e4"
"md","stories-told","_memory","_memory/storyteller-sidecar/stories-told.md","8d7cb6a41382340a550c88627ef0c680ee7c20d61b53a7b18994d27f2368a5d4"
"md","story-preferences","_memory","_memory/storyteller-sidecar/story-preferences.md","b269d52c87cf6913ff2ce31772ed5faa5d064ab5f6889be6c9bec3c9b2e7c47a"
"yaml","config","_memory","_memory/config.yaml","c08d32986f3f46f792d2fc46bafa302047c101424b2fc980d49c7c814761b42a"
"csv","default-party","bmm","bmm/teams/default-party.csv","5af107a5b9e9092aeb81bd8c8b9bbe7003afb7bc500e64d56da7cc27ae0c4a6e"
"csv","documentation-requirements","bmm","bmm/workflows/document-project/documentation-requirements.csv","d1253b99e88250f2130516b56027ed706e643bfec3d99316727a4c6ec65c6c1d"
"csv","domain-complexity","bmm","bmm/workflows/2-plan-workflows/create-prd/data/domain-complexity.csv","f775f09fb4dc1b9214ca22db4a3994ce53343d976d7f6e5384949835db6d2770"
"csv","domain-complexity","bmm","bmm/workflows/3-solutioning/create-architecture/data/domain-complexity.csv","3dc34ed39f1fc79a51f7b8fc92087edb7cd85c4393a891d220f2e8dd5a101c70"
"csv","module-help","bmm","bmm/module-help.csv","8013719913cfeef49b3101d9bc2873741e9f2e2e0fdcf17c461d5c87f9b59b82"
"csv","project-types","bmm","bmm/workflows/2-plan-workflows/create-prd/data/project-types.csv","7a01d336e940fb7a59ff450064fd1194cdedda316370d939264a0a0adcc0aca3"
"csv","project-types","bmm","bmm/workflows/3-solutioning/create-architecture/data/project-types.csv","12343635a2f11343edb1d46906981d6f5e12b9cad2f612e13b09460b5e5106e7"
"json","project-scan-report-schema","bmm","bmm/workflows/document-project/templates/project-scan-report-schema.json","8466965321f1db22f5013869636199f67e0113706283c285a7ffbbf5efeea321"
"md","architecture-decision-template","bmm","bmm/workflows/3-solutioning/create-architecture/architecture-decision-template.md","5d9adf90c28df61031079280fd2e49998ec3b44fb3757c6a202cda353e172e9f"
"md","checklist","bmm","bmm/workflows/4-implementation/code-review/checklist.md","e30d2890ba5c50777bbe04071f754e975a1d7ec168501f321a79169c4201dd28"
"md","checklist","bmm","bmm/workflows/4-implementation/correct-course/checklist.md","8420f652601d4ae1bb83e451b6b32b91544b09c4126320adf57aac624fb5907a"
"md","checklist","bmm","bmm/workflows/4-implementation/create-story/checklist.md","0694a44014e15c7724b6268b6d96a41cbbdb7a9a33597d787078e652f4223280"
"md","checklist","bmm","bmm/workflows/4-implementation/dev-story/checklist.md","630b68c6824a8785003a65553c1f335222b17be93b1bd80524c23b38bde1d8af"
"md","checklist","bmm","bmm/workflows/4-implementation/sprint-planning/checklist.md","80b10aedcf88ab1641b8e5f99c9a400c8fd9014f13ca65befc5c83992e367dd7"
"md","checklist","bmm","bmm/workflows/document-project/checklist.md","581b0b034c25de17ac3678db2dbafedaeb113de37ddf15a4df6584cf2324a7d7"
"md","checklist","bmm","bmm/workflows/qa-generate-e2e-tests/checklist.md","83cd779c6527ff34184dc86f9eebfc0a8a921aee694f063208aee78f80a8fb12"
"md","deep-dive-instructions","bmm","bmm/workflows/document-project/workflows/deep-dive-instructions.md","e0d6c3e7103dbff35e1faee7a6dc90db75049344644ad9d90321cb65f2b8d500"
"md","deep-dive-template","bmm","bmm/workflows/document-project/templates/deep-dive-template.md","6198aa731d87d6a318b5b8d180fc29b9aa53ff0966e02391c17333818e94ffe9"
"md","deep-dive-workflow","bmm","bmm/workflows/document-project/workflows/deep-dive-workflow.md","cb9cc1731b606c2d147ed4dbb988d2b6658f3330fcc84cc2c71b7e3d9082cd20"
"md","discover-inputs","bmm","bmm/workflows/4-implementation/code-review/discover-inputs.md","dfedba6a8ea05c9a91c6d202c4b29ee3ea793d8ef77575034787ae0fef280507"
"md","discover-inputs","bmm","bmm/workflows/4-implementation/create-story/discover-inputs.md","dfedba6a8ea05c9a91c6d202c4b29ee3ea793d8ef77575034787ae0fef280507"
"md","epics-template","bmm","bmm/workflows/3-solutioning/create-epics-and-stories/templates/epics-template.md","a804f740155156d89661fa04e7a4264a8f712c4dc227c44fd8ae804a9b0f6b72"
"md","full-scan-instructions","bmm","bmm/workflows/document-project/workflows/full-scan-instructions.md","bda383bac15425367ccb2b0ab4c9c8e75021a89bb2825c5513193cbb065d8e43"
"md","full-scan-workflow","bmm","bmm/workflows/document-project/workflows/full-scan-workflow.md","906d46349ac14a59c7a71133dc39acebbcf3b046e1c65d96012f25aabc35e4de"
"md","index-template","bmm","bmm/workflows/document-project/templates/index-template.md","42c8a14f53088e4fda82f26a3fe41dc8a89d4bcb7a9659dd696136378b64ee90"
"md","instructions","bmm","bmm/workflows/document-project/instructions.md","420dc9ec1aa4ff79d252c5a32258b03c68c326534267b4258f30069c3cfcb0dc"
"md","prd-purpose","bmm","bmm/workflows/2-plan-workflows/create-prd/data/prd-purpose.md","49c4641b91504bb14e3887029b70beacaff83a2de200ced4f8cb11c1356ecaee"
"md","prd-template","bmm","bmm/workflows/2-plan-workflows/create-prd/templates/prd-template.md","7ccccab9c06a626b7a228783b0b9b6e4172e9ec0b10d47bbfab56958c898f837"
"md","product-brief.template","bmm","bmm/workflows/1-analysis/create-product-brief/product-brief.template.md","ae0f58b14455efd75a0d97ba68596a3f0b58f350cd1a0ee5b1af69540f949781"
"md","project-context-template","bmm","bmm/data/project-context-template.md","facd60b71649247146700b1dc7d709fa0ae09487f7cf2b5ff8f5ce1b3a8427e8"
"md","project-context-template","bmm","bmm/workflows/generate-project-context/project-context-template.md","54e351394ceceb0ac4b5b8135bb6295cf2c37f739c7fd11bb895ca16d79824a5"
"md","project-overview-template","bmm","bmm/workflows/document-project/templates/project-overview-template.md","a7c7325b75a5a678dca391b9b69b1e3409cfbe6da95e70443ed3ace164e287b2"
"md","readiness-report-template","bmm","bmm/workflows/3-solutioning/check-implementation-readiness/templates/readiness-report-template.md","0da97ab1e38818e642f36dc0ef24d2dae69fc6e0be59924dc2dbf44329738ff6"
"md","research.template","bmm","bmm/workflows/1-analysis/research/research.template.md","507bb6729476246b1ca2fca4693986d286a33af5529b6cd5cb1b0bb5ea9926ce"
"md","SKILL","bmm","bmm/workflows/bmad-quick-flow/bmad-quick-dev-new-preview/SKILL.md","85bea3740a3a65ea489f28add1add9177489108d43ffab2b2d2cc62cd7afff15"
"md","source-tree-template","bmm","bmm/workflows/document-project/templates/source-tree-template.md","109bc335ebb22f932b37c24cdc777a351264191825444a4d147c9b82a1e2ad7a"
"md","step-01-clarify-and-route","bmm","bmm/workflows/bmad-quick-flow/bmad-quick-dev-new-preview/steps/step-01-clarify-and-route.md","6999fcbbdc0192478ca41d79cdca5d568d21920519add3bb2f2390cf9fcbaace"
"md","step-01-discover","bmm","bmm/workflows/generate-project-context/steps/step-01-discover.md","4fa1d13ec3c6db8560b6b1316b822ec2163a58b114b44e9aff733b171ef50ebe"
"md","step-01-document-discovery","bmm","bmm/workflows/3-solutioning/check-implementation-readiness/steps/step-01-document-discovery.md","9204972d801c28a76433230942c81bacc171e6b6951d3226cea9e7ca5c9310f1"
"md","step-01-init","bmm","bmm/workflows/1-analysis/create-product-brief/steps/step-01-init.md","1d8a0a692c78b01535fad65b18c178a566ffa4c62d5b920c7cadea23ceb9697a"
"md","step-01-init","bmm","bmm/workflows/1-analysis/research/domain-steps/step-01-init.md","b21ec2af60870caba5447183424b720e98d1b9232526d26b8d7b11e9f165c52c"
"md","step-01-init","bmm","bmm/workflows/1-analysis/research/market-steps/step-01-init.md","b2b030bc59dfe516e67f19d66f9c6d44d745343ccf2d726d4106290704aecdbd"
"md","step-01-init","bmm","bmm/workflows/1-analysis/research/technical-steps/step-01-init.md","aa809f6b4f152940792f7b4d95f424aaf8c9ebd7628f553486d1bd55b68f9567"
"md","step-01-init","bmm","bmm/workflows/2-plan-workflows/create-prd/steps-c/step-01-init.md","6ad502fa5bf5639eaf6a42e8f0bc0f2b811e0a3fd2ae3a24ed3333365f99e23c"
"md","step-01-init","bmm","bmm/workflows/2-plan-workflows/create-ux-design/steps/step-01-init.md","e76defb842ed5478ec16b35d6566f5ab7ecd8118b92b240a40ab9a7a1e7d3d0b"
"md","step-01-init","bmm","bmm/workflows/3-solutioning/create-architecture/steps/step-01-init.md","b270fd38b2144acb87e07c7496929ddd096717fc6f141736c2e9d1f574458314"
"md","step-01-mode-detection","bmm","bmm/workflows/bmad-quick-flow/quick-dev/steps/step-01-mode-detection.md","4c3843e94643e8231adf460554d39551b0dcbd21ea875c20e55373f91d91381f"
"md","step-01-understand","bmm","bmm/workflows/bmad-quick-flow/quick-spec/steps/step-01-understand.md","24c2d3d3703a9330994a7008a93327702f9551453b0d373476ee83e15d10a514"
"md","step-01-validate-prerequisites","bmm","bmm/workflows/3-solutioning/create-epics-and-stories/steps/step-01-validate-prerequisites.md","e33db08b1557e4b2fd202dc81b71d6b219e098fb38f354c1a4c05d28b034cfc0"
"md","step-01b-continue","bmm","bmm/workflows/1-analysis/create-product-brief/steps/step-01b-continue.md","c32490fda5f5a3d5c278baad8e9f4bd793e03429a5bf42c31719e0d90c9a3973"
"md","step-01b-continue","bmm","bmm/workflows/2-plan-workflows/create-prd/steps-c/step-01b-continue.md","5afc3f34f6089a03e9c9a88f13cb41617a7ef163db15c2b39b31ab6908bfa7d6"
"md","step-01b-continue","bmm","bmm/workflows/2-plan-workflows/create-ux-design/steps/step-01b-continue.md","07703fb9ddacf143e7f9cd21e69edc7cf087052d1dc5841674c122d18bb3b956"
"md","step-01b-continue","bmm","bmm/workflows/3-solutioning/create-architecture/steps/step-01b-continue.md","438f14332117c74e5d12f7630690ada4eae4fdcd04e4f47dc689915fe757f101"
"md","step-02-context","bmm","bmm/workflows/3-solutioning/create-architecture/steps/step-02-context.md","751a3ee7e0a0a2a841cdf4229fee83ab1ec087c046d46ff9c663af913c37386f"
"md","step-02-context-gathering","bmm","bmm/workflows/bmad-quick-flow/quick-dev/steps/step-02-context-gathering.md","1c4df806dea12554aae0240e5baf5c1cffa5948d0998c8e2c4a93df40d7c42ef"
"md","step-02-customer-behavior","bmm","bmm/workflows/1-analysis/research/market-steps/step-02-customer-behavior.md","93d20ddbd5506bc1d604c3ce56b42185bfe6f34402c45760e4cb7bec627f52e9"
"md","step-02-design-epics","bmm","bmm/workflows/3-solutioning/create-epics-and-stories/steps/step-02-design-epics.md","4530ccd0ca4d3de39730968f060241d4ae0f134915cb000318f6cf6d9aadfd80"
"md","step-02-discovery","bmm","bmm/workflows/2-plan-workflows/create-prd/steps-c/step-02-discovery.md","8e7b79a03be7bde381982a10bde24ee75d0da7232689b8aab57a2084434cfbcc"
"md","step-02-discovery","bmm","bmm/workflows/2-plan-workflows/create-ux-design/steps/step-02-discovery.md","870c7bd11c00828b74fd36578dd954f9888237a8f769fb8626f3aa53ee7298f9"
"md","step-02-domain-analysis","bmm","bmm/workflows/1-analysis/research/domain-steps/step-02-domain-analysis.md","9c4eabbed87b6bfc4636c98e96e551f69af7ef78a92b3f99ac6faa90a921c4c5"
"md","step-02-generate","bmm","bmm/workflows/generate-project-context/steps/step-02-generate.md","3ac1c48f96c0a57ebafd7610b6868acaa321fad502a79f85633aea4580722dc8"
"md","step-02-investigate","bmm","bmm/workflows/bmad-quick-flow/quick-spec/steps/step-02-investigate.md","bacc264e95c273d17c7f9ffcf820b5924bab48e04824da69f125aadb86d70273"
"md","step-02-plan","bmm","bmm/workflows/bmad-quick-flow/bmad-quick-dev-new-preview/steps/step-02-plan.md","7867132934b97f7dca7a38d3070ac50f5e3f382e09046f609463a7d5a2987f6a"
"md","step-02-prd-analysis","bmm","bmm/workflows/3-solutioning/check-implementation-readiness/steps/step-02-prd-analysis.md","f8c4f293c0a040fa9f73829ffeabfa073d0a8ade583adaefb26431ec83a76398"
"md","step-02-technical-overview","bmm","bmm/workflows/1-analysis/research/technical-steps/step-02-technical-overview.md","a8b8c49649087e8d5afa278840bfe3ed2e8203c820dbe7878ac7571956d940e0"
"md","step-02-vision","bmm","bmm/workflows/1-analysis/create-product-brief/steps/step-02-vision.md","569aebbe151edc3e5c66c7ced0be1629fee5a8530c8e06a35b9d6339c157b11f"
"md","step-02b-vision","bmm","bmm/workflows/2-plan-workflows/create-prd/steps-c/step-02b-vision.md","2a86c28577961a8fc03a0076a7746a78b497389f917be472032638e759f0e64d"
"md","step-02c-executive-summary","bmm","bmm/workflows/2-plan-workflows/create-prd/steps-c/step-02c-executive-summary.md","94381d8cca5e9e84571c23e31ccb3d94e9c0788d53e172548a43f0817dc708fd"
"md","step-03-competitive-landscape","bmm","bmm/workflows/1-analysis/research/domain-steps/step-03-competitive-landscape.md","93b8fb9b174cc8dca87bd18dafda7a6ee23727874e7eb86106fd40d7daeb6fb0"
"md","step-03-complete","bmm","bmm/workflows/generate-project-context/steps/step-03-complete.md","cf8d1d1904aeddaddb043c3c365d026cd238891cd702c2b78bae032a8e08ae17"
"md","step-03-core-experience","bmm","bmm/workflows/2-plan-workflows/create-ux-design/steps/step-03-core-experience.md","75769a768fc2c4341ce9abab76184ad3d050fbc75d2a89a04faf1a307690aba6"
"md","step-03-create-stories","bmm","bmm/workflows/3-solutioning/create-epics-and-stories/steps/step-03-create-stories.md","d49ad895ac9c095a28e46e9bc4433fadec0095a4e603027e98559430fb57770e"
"md","step-03-customer-pain-points","bmm","bmm/workflows/1-analysis/research/market-steps/step-03-customer-pain-points.md","4a224fb63d2814a1e2df9b82e42cb2573dc7ffacdf4e61a14a4763c433431a16"
"md","step-03-epic-coverage-validation","bmm","bmm/workflows/3-solutioning/check-implementation-readiness/steps/step-03-epic-coverage-validation.md","f425bcac163b9ea63a004039ff65fffea3499d9e01a2821bb11e0e17e6b6fc52"
"md","step-03-execute","bmm","bmm/workflows/bmad-quick-flow/quick-dev/steps/step-03-execute.md","852fe6239e0322081d5208be4737bad0c15ab08f0c8b93fbddb94491b9931a01"
"md","step-03-generate","bmm","bmm/workflows/bmad-quick-flow/quick-spec/steps/step-03-generate.md","19f5d60629298536f98f1ed1025002836e02a49a30aebed0ed300a40f64f5dd6"
"md","step-03-implement","bmm","bmm/workflows/bmad-quick-flow/bmad-quick-dev-new-preview/steps/step-03-implement.md","6b3ef70305f5feb6dec051e180ce5a71e1e94bbaf8ef0551fca38aa6967dce2e"
"md","step-03-integration-patterns","bmm","bmm/workflows/1-analysis/research/technical-steps/step-03-integration-patterns.md","bb034b20b8c325c1948aa1c7350f0b7e68601a08ec72eb09884e4dae5d94554d"
"md","step-03-starter","bmm","bmm/workflows/3-solutioning/create-architecture/steps/step-03-starter.md","7e3468c11ec4fa7ab7e3b4e3615e9212bb5b6f1b344a7e7d9a503f12d499826d"
"md","step-03-success","bmm","bmm/workflows/2-plan-workflows/create-prd/steps-c/step-03-success.md","3f38ede1f4b2a8e498fc9be06d0ff09d907fc4b5521c26022ee5518e68d7bee9"
"md","step-03-users","bmm","bmm/workflows/1-analysis/create-product-brief/steps/step-03-users.md","4d65c289bab5746e725f74180c6d943f75cd964388d645fbf0d029c853a42200"
"md","step-04-architectural-patterns","bmm","bmm/workflows/1-analysis/research/technical-steps/step-04-architectural-patterns.md","81e4e6f5c6048379ea45d0d4288a7247ff46855653ec6fccf5bbef0e78778ca9"
"md","step-04-customer-decisions","bmm","bmm/workflows/1-analysis/research/market-steps/step-04-customer-decisions.md","8a0c46828854693a7de16e148c3c9eb08b42409a2676b9a44b3cdffe06a577b3"
"md","step-04-decisions","bmm","bmm/workflows/3-solutioning/create-architecture/steps/step-04-decisions.md","9a7c315db9fa2c906e6cb22ddc592f4f9607128dd8e729a8edc820143b36773a"
"md","step-04-emotional-response","bmm","bmm/workflows/2-plan-workflows/create-ux-design/steps/step-04-emotional-response.md","613bd3d350e0e645b74bf9c2490eba612fdf06cac40e53f2e2034d075689542e"
"md","step-04-final-validation","bmm","bmm/workflows/3-solutioning/create-epics-and-stories/steps/step-04-final-validation.md","ef2a8a889e1a74a092643ba5b72cfc4be0d33746bce16b57f2b8dcd4de64428f"
"md","step-04-journeys","bmm","bmm/workflows/2-plan-workflows/create-prd/steps-c/step-04-journeys.md","f3eecf7116bf38db9de745c912bb93bc540d3a327c090c9748e29f43deff75e6"
"md","step-04-metrics","bmm","bmm/workflows/1-analysis/create-product-brief/steps/step-04-metrics.md","84355180448bd75e0127f9ab468baf180767e4a4dbd1802e9279d0b4e79e79e0"
"md","step-04-regulatory-focus","bmm","bmm/workflows/1-analysis/research/domain-steps/step-04-regulatory-focus.md","179a82a4fdc32274a2ad3ce501b1b54ca1925b7ce9bcaad35503a9dd080e866a"
"md","step-04-review","bmm","bmm/workflows/bmad-quick-flow/bmad-quick-dev-new-preview/steps/step-04-review.md","26b2636cce55826cbefac196d23bd2de553fe7cca76607de7fa66019e08147b1"
"md","step-04-review","bmm","bmm/workflows/bmad-quick-flow/quick-spec/steps/step-04-review.md","d1e55010e16cf8b312c73ac943c4d684d817dafe1f5438979ac1c8abc1f129c1"
"md","step-04-self-check","bmm","bmm/workflows/bmad-quick-flow/quick-dev/steps/step-04-self-check.md","0dde0d5c75c3884d6b4d3380263721ad63e02c3d438a100cba3d5da4957c271b"
"md","step-04-ux-alignment","bmm","bmm/workflows/3-solutioning/check-implementation-readiness/steps/step-04-ux-alignment.md","d2e15adf2aecc2c72f9bb9051e94042fc522fd7cfb16376f41bdcdd294319703"
"md","step-05-adversarial-review","bmm","bmm/workflows/bmad-quick-flow/quick-dev/steps/step-05-adversarial-review.md","d02ed95c44c3355e766dc1a9d1a7bb199dadc01752c031e23fa1e7719010e611"
"md","step-05-competitive-analysis","bmm","bmm/workflows/1-analysis/research/market-steps/step-05-competitive-analysis.md","ff6f606a80ffaf09aa325e38a4ceb321b97019e6542241b2ed4e8eb38b35efa8"
"md","step-05-domain","bmm","bmm/workflows/2-plan-workflows/create-prd/steps-c/step-05-domain.md","ad688aa386a7563eed1e69c6e270bcf0b4c64a7fcf3bc17962d96b23244549ba"
"md","step-05-epic-quality-review","bmm","bmm/workflows/3-solutioning/check-implementation-readiness/steps/step-05-epic-quality-review.md","e7fd60676d6ade485de77ce2dd4229811912594cb924d6c15bae5d9bdf105a7d"
"md","step-05-implementation-research","bmm","bmm/workflows/1-analysis/research/technical-steps/step-05-implementation-research.md","438a235bcb2dbbacb4c38d440b1636a208d4cbe8b5d109cb850cbdfb564b9071"
"md","step-05-inspiration","bmm","bmm/workflows/2-plan-workflows/create-ux-design/steps/step-05-inspiration.md","2477888ca617dabef85e0cc3be7dd769e7bd6187b61a40f74f75286ff08a976a"
"md","step-05-patterns","bmm","bmm/workflows/3-solutioning/create-architecture/steps/step-05-patterns.md","a579d9af712a5c28af03786f4b4d6d3e65047e6708cd3f3d7e838d182b6ffb5e"
"md","step-05-present","bmm","bmm/workflows/bmad-quick-flow/bmad-quick-dev-new-preview/steps/step-05-present.md","3c4beff4af407440b6b9709172cc402f50bc9c86112156ed32a21e9bdfb69153"
"md","step-05-scope","bmm","bmm/workflows/1-analysis/create-product-brief/steps/step-05-scope.md","7873df1475b18dfc0a9f5c53e160e31a522b316600ddfe0322d44ba78068b1b3"
"md","step-05-technical-trends","bmm","bmm/workflows/1-analysis/research/domain-steps/step-05-technical-trends.md","210ef479757881d418db392ac38442d4df9033dedab7bdf8965503a83430ab55"
"md","step-06-complete","bmm","bmm/workflows/1-analysis/create-product-brief/steps/step-06-complete.md","f48a5284328b02a131585a84f3b8e3aff11902f51a619e0db056c71713fcfa09"
"md","step-06-design-system","bmm","bmm/workflows/2-plan-workflows/create-ux-design/steps/step-06-design-system.md","aa4e824cc79d81e15830eba2c51160900c2fd11eb4c631b78dd9d7b6e663019a"
"md","step-06-final-assessment","bmm","bmm/workflows/3-solutioning/check-implementation-readiness/steps/step-06-final-assessment.md","c45f5aabaf942ebb34ceb061246a886f8aa6e02df24d4556c40fe5fa3d2c0005"
"md","step-06-innovation","bmm","bmm/workflows/2-plan-workflows/create-prd/steps-c/step-06-innovation.md","2b67089e90777241be0dd120729ee8e4173569ac391d58127ffdab18beac6bbd"
"md","step-06-research-completion","bmm","bmm/workflows/1-analysis/research/market-steps/step-06-research-completion.md","ddc239b81dc76148b5b41741b3ca0d6d4a1f781e1db5e50d2c6b4222dd64eda9"
"md","step-06-research-synthesis","bmm","bmm/workflows/1-analysis/research/domain-steps/step-06-research-synthesis.md","ae7ea9eec7f763073e4e1ec7ef0dd247a2c9c8f8172c84cbcb0590986c67caa2"
"md","step-06-research-synthesis","bmm","bmm/workflows/1-analysis/research/technical-steps/step-06-research-synthesis.md","01d94ed48e86317754d1dafb328d57bd1ce8832c1f443bfd62413bbd07dcf3a1"
"md","step-06-resolve-findings","bmm","bmm/workflows/bmad-quick-flow/quick-dev/steps/step-06-resolve-findings.md","e657af6e3687e15852c860f018b73aa263bdcf6b9d544771a8c0c715581a2c99"
"md","step-06-structure","bmm","bmm/workflows/3-solutioning/create-architecture/steps/step-06-structure.md","23b8ffad4b7b0098b507cc397c15ca315e706daa9e0a37a0cd9e8c3a5190a46e"
"md","step-07-defining-experience","bmm","bmm/workflows/2-plan-workflows/create-ux-design/steps/step-07-defining-experience.md","f5421f2aab834d0b7fc7c57a48a30bf902f71322c96af989194dbe310a20ea57"
"md","step-07-project-type","bmm","bmm/workflows/2-plan-workflows/create-prd/steps-c/step-07-project-type.md","9310917946b9aaf52a98b838978c740d4d269b2589f9837ed1389a9731d64f4f"
"md","step-07-validation","bmm","bmm/workflows/3-solutioning/create-architecture/steps/step-07-validation.md","5012fa4e5477f0eeb39826fbfbfc19e7337c332a45e60d17852473a225624428"
"md","step-08-complete","bmm","bmm/workflows/3-solutioning/create-architecture/steps/step-08-complete.md","2bdb9f1a149eb8e075c734f086b977709baeeb3d7ca0c2c998997e3c0ce2f532"
"md","step-08-scoping","bmm","bmm/workflows/2-plan-workflows/create-prd/steps-c/step-08-scoping.md","be239ea04c8caa5b97974e7f7bb68054d71b3fce05af608c237d17d4ae2a1829"
"md","step-08-visual-foundation","bmm","bmm/workflows/2-plan-workflows/create-ux-design/steps/step-08-visual-foundation.md","9e9f5ac0f61f915aba59ed9fe9eb2859313408982be73f067d489207e41835ec"
"md","step-09-design-directions","bmm","bmm/workflows/2-plan-workflows/create-ux-design/steps/step-09-design-directions.md","5b762b019a7da8c6e667f4fe77291f23039630ff6bee6c2e1dd34622bef6c415"
"md","step-09-functional","bmm","bmm/workflows/2-plan-workflows/create-prd/steps-c/step-09-functional.md","c23b3279f361f4bdc26b7580647ce08de9c5087ee8b591482f9677b1256ac066"
"md","step-10-nonfunctional","bmm","bmm/workflows/2-plan-workflows/create-prd/steps-c/step-10-nonfunctional.md","778a4d276ca95da5e0ad307f3e996daab1fb55043489e26480c881b52d809ca0"
"md","step-10-user-journeys","bmm","bmm/workflows/2-plan-workflows/create-ux-design/steps/step-10-user-journeys.md","9de59d4694388e779b06b65eb6cd2a8d2b511fb4ca01a37656f0810c592df697"
"md","step-11-component-strategy","bmm","bmm/workflows/2-plan-workflows/create-ux-design/steps/step-11-component-strategy.md","1a5368437a5ab59a2632487c942c1fdbf96573c1cf8d3e34ad96268d36d21d38"
"md","step-11-polish","bmm","bmm/workflows/2-plan-workflows/create-prd/steps-c/step-11-polish.md","ad03456ac6dce64742f7a72f45b1d1d0ddc982cfe76ae768df18a2fe2d352812"
"md","step-12-complete","bmm","bmm/workflows/2-plan-workflows/create-prd/steps-c/step-12-complete.md","c33b9aa62e0bd3a555bc502187d14538ad6a09fce52c6087b02c89425a2e19d0"
"md","step-12-ux-patterns","bmm","bmm/workflows/2-plan-workflows/create-ux-design/steps/step-12-ux-patterns.md","6c06322fb09eca02ebb2fd0aaf900f83a17315e7dd9c076fdb18f966d34eb449"
"md","step-13-responsive-accessibility","bmm","bmm/workflows/2-plan-workflows/create-ux-design/steps/step-13-responsive-accessibility.md","eedb812af0fc1be10beb1b2f508344129c73b60e908a9c51fa99df6887452024"
"md","step-14-complete","bmm","bmm/workflows/2-plan-workflows/create-ux-design/steps/step-14-complete.md","86f794d384c767df35769a804b04b721fc93bab86a108990dc7abaf25a03ecab"
"md","step-e-01-discovery","bmm","bmm/workflows/2-plan-workflows/create-prd/steps-e/step-e-01-discovery.md","605740eae1d335846993d3968abf86a1b169a9035d5ce0c8c6296b9ded8c0df2"
"md","step-e-01b-legacy-conversion","bmm","bmm/workflows/2-plan-workflows/create-prd/steps-e/step-e-01b-legacy-conversion.md","e6bbe9020e6986a620fc0299a48e6c31c9d1ec14691df11be71baeb79837bc92"
"md","step-e-02-review","bmm","bmm/workflows/2-plan-workflows/create-prd/steps-e/step-e-02-review.md","c38392c68f4fa4d4c62190b2487007478785932e63e1f846f6ce3ac49748d6d3"
"md","step-e-03-edit","bmm","bmm/workflows/2-plan-workflows/create-prd/steps-e/step-e-03-edit.md","dfcc3e4f0b1ec050d4985af04dc02b28174a995e95327ca01ae4b8cac10cc1e5"
"md","step-e-04-complete","bmm","bmm/workflows/2-plan-workflows/create-prd/steps-e/step-e-04-complete.md","a1100f8639120311cbaf5a5a880db4e137216bc4bd0110b0926004107a99d3c3"
"md","step-v-01-discovery","bmm","bmm/workflows/2-plan-workflows/create-prd/steps-v/step-v-01-discovery.md","690ea262af11533cf41158bd469f45d18f7b48208678fa9cabbb20a20ee32ebc"
"md","step-v-02-format-detection","bmm","bmm/workflows/2-plan-workflows/create-prd/steps-v/step-v-02-format-detection.md","251ea5a1cf7779db2dc39d5d8317976a27f84b421359c1974ae96c0943094341"
"md","step-v-02b-parity-check","bmm","bmm/workflows/2-plan-workflows/create-prd/steps-v/step-v-02b-parity-check.md","3481beae212bb0140c105d0ae87bb9714859c93a471048048512fd1278da2fcd"
"md","step-v-03-density-validation","bmm","bmm/workflows/2-plan-workflows/create-prd/steps-v/step-v-03-density-validation.md","5b95ecd032fb65f86b7eee7ce7c30c997dc2a8b5e4846d88c2853538591a9e40"
"md","step-v-04-brief-coverage-validation","bmm","bmm/workflows/2-plan-workflows/create-prd/steps-v/step-v-04-brief-coverage-validation.md","97eb248c7d67e6e5121dd0b020409583998fba433799ea4c5c8cb40c7ff9c7c1"
"md","step-v-05-measurability-validation","bmm","bmm/workflows/2-plan-workflows/create-prd/steps-v/step-v-05-measurability-validation.md","2f331ee6d4f174dec0e4b434bf7691bfcf3a13c6ee0c47a65989badaa6b6a28c"
"md","step-v-06-traceability-validation","bmm","bmm/workflows/2-plan-workflows/create-prd/steps-v/step-v-06-traceability-validation.md","970ea67486211a611a701e1490ab7e8f2f98060a9f78760b6ebfdb9f37743c74"
"md","step-v-07-implementation-leakage-validation","bmm","bmm/workflows/2-plan-workflows/create-prd/steps-v/step-v-07-implementation-leakage-validation.md","f75d1d808fdf3d61b15bea55418b82df747f45902b6b22fe541e83b4ea3fa465"
"md","step-v-08-domain-compliance-validation","bmm","bmm/workflows/2-plan-workflows/create-prd/steps-v/step-v-08-domain-compliance-validation.md","a1902baaf4eaaf946e5c2c2101a1ac46f8ee4397e599218b8dc030cd00c97512"
"md","step-v-09-project-type-validation","bmm","bmm/workflows/2-plan-workflows/create-prd/steps-v/step-v-09-project-type-validation.md","d53e95264625335184284d3f9d0fc6e7674f67bdf97e19362fc33df4bea7f096"
"md","step-v-10-smart-validation","bmm","bmm/workflows/2-plan-workflows/create-prd/steps-v/step-v-10-smart-validation.md","7f542991658eea079964d302eca16bb16e90e78d5b9f654229461d5fb3623df8"
"md","step-v-11-holistic-quality-validation","bmm","bmm/workflows/2-plan-workflows/create-prd/steps-v/step-v-11-holistic-quality-validation.md","b2176b9a8ae29c8edac62647084e3ff0eb2135382ada5cb5b47797f7a14ec345"
"md","step-v-12-completeness-validation","bmm","bmm/workflows/2-plan-workflows/create-prd/steps-v/step-v-12-completeness-validation.md","c966933a0ca3753db75591325cef4d4bdaf9639a1a63f9438758d32f7e1a1dda"
"md","step-v-13-report-complete","bmm","bmm/workflows/2-plan-workflows/create-prd/steps-v/step-v-13-report-complete.md","920b8dca01073fca21e94d37260c5d2b668b5c44497a9facf884259d5d80824c"
"md","tech-spec-template","bmm","bmm/workflows/bmad-quick-flow/bmad-quick-dev-new-preview/tech-spec-template.md","5d253f505d7584633efe55fe7b16a5bbd630708a075542a0e5f6b563ef1218b2"
"md","tech-spec-template","bmm","bmm/workflows/bmad-quick-flow/quick-spec/tech-spec-template.md","6e0ac4991508fec75d33bbe36197e1576d7b2a1ea7ceba656d616e7d7dadcf03"
"md","template","bmm","bmm/workflows/4-implementation/create-story/template.md","29ba697368d77e88e88d0e7ac78caf7a78785a7dcfc291082aa96a62948afb67"
"md","ux-design-template","bmm","bmm/workflows/2-plan-workflows/create-ux-design/ux-design-template.md","ffa4b89376cd9db6faab682710b7ce755990b1197a8b3e16b17748656d1fca6a"
"md","workflow","bmm","bmm/workflows/1-analysis/create-product-brief/workflow.md","3b0efaebdc6440dc75c6a24c17cbbf8dfb9583bf089f64408a4acf1674d483ad"
"md","workflow","bmm","bmm/workflows/2-plan-workflows/create-ux-design/workflow.md","21298564b342294f62339eda1b81aad392fca43e10e48f924a69cc3414dfb32d"
"md","workflow","bmm","bmm/workflows/3-solutioning/check-implementation-readiness/workflow.md","15ccd00030fa9cf406d50d6a2bd43a8966f1112a1d6fbc5be410c39f3f546a26"
"md","workflow","bmm","bmm/workflows/3-solutioning/create-architecture/workflow.md","4c1463096de99ed9130e73161744240a246bd08f6e6b72d1f2a2e606ac910394"
"md","workflow","bmm","bmm/workflows/3-solutioning/create-epics-and-stories/workflow.md","0e25a2680563be198875936db9c80c40f483b1e199050a89aef20ccb2a5b7377"
"md","workflow","bmm","bmm/workflows/4-implementation/code-review/workflow.md","e2a819c06263a22f912dbed0f7218913d737dd7e8651950fe4bdb67ec002ca29"
"md","workflow","bmm","bmm/workflows/4-implementation/correct-course/workflow.md","35694d88f34c47b5873d127bd824d731312a36e9ed5aaa0baaec13081da28f17"
"md","workflow","bmm","bmm/workflows/4-implementation/create-story/workflow.md","0d75fda6fb737445343e07b82b68449f14558d4aec13973f8e4c82d2c267d4f3"
"md","workflow","bmm","bmm/workflows/4-implementation/dev-story/workflow.md","0712a04f568d9badf8d6180fda381633d605aaed7be7a3734bb48734474a131b"
"md","workflow","bmm","bmm/workflows/4-implementation/retrospective/workflow.md","15a10c2fb84638b4199dc86d5a5d57be7de95332636c9b0b64dea84c8e0cb81a"
"md","workflow","bmm","bmm/workflows/4-implementation/sprint-planning/workflow.md","f55bcdf4aec667a9e48449299af38c10f686743f356fa348d3f432e236eccf63"
"md","workflow","bmm","bmm/workflows/4-implementation/sprint-status/workflow.md","240d612a1405967ac09fb1fa37cb483d2876c0a5c2722dff7e1dacd44e1c0627"
"md","workflow","bmm","bmm/workflows/bmad-quick-flow/bmad-quick-dev-new-preview/workflow.md","f1b9a75d5d3f783eeb87d40ed1f8e03b601b8f28bfca54ccc8751e29954d2a08"
"md","workflow","bmm","bmm/workflows/bmad-quick-flow/quick-dev/workflow.md","58f4b07f5f89cf545720b21667d6b5effe6d3a587e2aae1dac669ddd51f66dd8"
"md","workflow","bmm","bmm/workflows/bmad-quick-flow/quick-spec/workflow.md","68fa7a13049bde191c0a1dcb02b3398cbf5f897964f09d193eee2d03f30885e7"
"md","workflow","bmm","bmm/workflows/document-project/workflow.md","36a81ba33624a6bd013286700bb6e48dc6447f54e623afa8cdc7ac515609b892"
"md","workflow","bmm","bmm/workflows/generate-project-context/workflow.md","cd5be4cd8e119c652680fd9c28add994be40c48e1fca1a78b31d10eb99a7a740"
"md","workflow","bmm","bmm/workflows/qa-generate-e2e-tests/workflow.md","8da478226943806db9b607469a2667292c19b62cebe6790bfbaf9d33166bc3bd"
"md","workflow-create-prd","bmm","bmm/workflows/2-plan-workflows/create-prd/workflow-create-prd.md","b4d7376adfa8a2ec5fd62da51d9b19d7da16411dcd43a81224652e784dd6646c"
"md","workflow-domain-research","bmm","bmm/workflows/1-analysis/research/workflow-domain-research.md","6f09e3bcbf6f156b9fb9477dfaf3c076f030fde3a39d8317bb2cf6316718658f"
"md","workflow-edit-prd","bmm","bmm/workflows/2-plan-workflows/create-prd/workflow-edit-prd.md","c1786ba087f0f3b2b819a58309cb0742b8a56eb94271fe870579561a721c7936"
"md","workflow-market-research","bmm","bmm/workflows/1-analysis/research/workflow-market-research.md","ad12c80e4848bee2cb20818af7970efee508abcc98b026c2f873d7fa6b5ad2a5"
"md","workflow-technical-research","bmm","bmm/workflows/1-analysis/research/workflow-technical-research.md","1b88ee75dbf6b45910d37885ebbfe7f7a6cf78215a2da9bc86067cb7a9ce4e94"
"md","workflow-validate-prd","bmm","bmm/workflows/2-plan-workflows/create-prd/workflow-validate-prd.md","fe170fe82e944eddd0fc25bf6554b5f38663907afa28e093d1c8140039c63af4"
"yaml","bmad-skill-manifest","bmm","bmm/agents/bmad-skill-manifest.yaml","973b7097e5504c980e7548bf71e1e296b4a6265f5f288a82f9930d65e15ddee9"
"yaml","bmad-skill-manifest","bmm","bmm/agents/tech-writer/bmad-skill-manifest.yaml","a46d895577ce3019fc6b5f5a4c76f58c53e669efd198df7feeeb1b26bd8be415"
"yaml","bmad-skill-manifest","bmm","bmm/workflows/1-analysis/create-product-brief/bmad-skill-manifest.yaml","42b3f3571fea49c442c71c311af493223664214f2a435242d522fe9c3e8f192c"
"yaml","bmad-skill-manifest","bmm","bmm/workflows/1-analysis/research/bmad-skill-manifest.yaml","dbd3f8bc37b868f5ce86c0e0ac6cfcd126a5ca3b9426712db1e248752ac1f252"
"yaml","bmad-skill-manifest","bmm","bmm/workflows/2-plan-workflows/create-prd/bmad-skill-manifest.yaml","f4f6ae2046d89f9c87d13b47ab77a4d26402f3e6c0ce5dec106361f54897e8b7"
"yaml","bmad-skill-manifest","bmm","bmm/workflows/2-plan-workflows/create-ux-design/bmad-skill-manifest.yaml","d1da4f5eeebb345e70feaaa2f6547d25fb5782703a7a893fc04f349e032778c7"
"yaml","bmad-skill-manifest","bmm","bmm/workflows/3-solutioning/check-implementation-readiness/bmad-skill-manifest.yaml","19b65a55a271e264532681d7d0f2abecbd5aa4c126558c49fc1c229776aeb388"
"yaml","bmad-skill-manifest","bmm","bmm/workflows/3-solutioning/create-architecture/bmad-skill-manifest.yaml","595c859cbcf14b408f4c3a09c7f31ce91a59eeb4ff77aaa52aaf9b731a9e7c58"
"yaml","bmad-skill-manifest","bmm","bmm/workflows/3-solutioning/create-epics-and-stories/bmad-skill-manifest.yaml","a17a1f0f8e2987bb468784218a254259f50f2b5e4692a56657de969118722ea5"
"yaml","bmad-skill-manifest","bmm","bmm/workflows/4-implementation/code-review/bmad-skill-manifest.yaml","4a9c72a8014f9a1038307233317bf44af3c44a08b4db853a4a876426c98a839b"
"yaml","bmad-skill-manifest","bmm","bmm/workflows/4-implementation/correct-course/bmad-skill-manifest.yaml","beda6984417f575c941bbbff2a7c4d1b6e9df842e26dc034d70918a9ebe5f9cc"
"yaml","bmad-skill-manifest","bmm","bmm/workflows/4-implementation/create-story/bmad-skill-manifest.yaml","f0738eabb5dd9597bd2abdaddf08869526cfab2c8f327d98d4b2ddabd937233f"
"yaml","bmad-skill-manifest","bmm","bmm/workflows/4-implementation/dev-story/bmad-skill-manifest.yaml","b9117960489c052f86cdfba018b2bf250fdc52013df7b7290b9b040cc8f76f71"
"yaml","bmad-skill-manifest","bmm","bmm/workflows/4-implementation/retrospective/bmad-skill-manifest.yaml","8332aecb7b8a20876ad36a50f5766f4e2eeef3516d049c9a11cc4895d2ed2e88"
"yaml","bmad-skill-manifest","bmm","bmm/workflows/4-implementation/sprint-planning/bmad-skill-manifest.yaml","c6960e1033df45a05ef0e74ac9097f0eab3b31786c3858d5282976905f77ff44"
"yaml","bmad-skill-manifest","bmm","bmm/workflows/4-implementation/sprint-status/bmad-skill-manifest.yaml","d3c0073f0a3de15353900408e111d6c1b69d4b837b712a6a7ce5609d2a29fe4b"
"yaml","bmad-skill-manifest","bmm","bmm/workflows/bmad-quick-flow/bmad-quick-dev-new-preview/bmad-skill-manifest.yaml","ea1b058a23cd4fb442f2e7bc7a3a871b73391c0d18c32ddad020dd56b20425ee"
"yaml","bmad-skill-manifest","bmm","bmm/workflows/bmad-quick-flow/quick-dev/bmad-skill-manifest.yaml","7a7957400ae5eecc030bb3e82b3639ff32d158fa78a694c0bf66d28cb07d9a5a"
"yaml","bmad-skill-manifest","bmm","bmm/workflows/bmad-quick-flow/quick-spec/bmad-skill-manifest.yaml","c1c96e0a08906c121fd9b47fac3e5b6a74e0d720a519af1ba725bce65574cc35"
"yaml","bmad-skill-manifest","bmm","bmm/workflows/document-project/bmad-skill-manifest.yaml","64fb7247c416196bbaa93aa562e574f2da02738380b5ed88136ae39943fcb735"
"yaml","bmad-skill-manifest","bmm","bmm/workflows/generate-project-context/bmad-skill-manifest.yaml","55b2795bcd52f8368ea9b5671d7102a0baf397e5443d8ea790221b3e0a08e8a5"
"yaml","bmad-skill-manifest","bmm","bmm/workflows/qa-generate-e2e-tests/bmad-skill-manifest.yaml","2949e748fc8fc003ca1c6ddb60cfd0c3e97deba0502fda261fba831a5adc3a0e"
"yaml","config","bmm","bmm/config.yaml","02eee14c4088cb4f35312ee3cf28e7719851bac6763386850dcaa9e3ac693f75"
"yaml","sprint-status-template","bmm","bmm/workflows/4-implementation/sprint-planning/sprint-status-template.yaml","b46a7bfb7d226f00bd064f111e527eee54ad470d177382a9a15f1a6dde21544c"
"yaml","team-fullstack","bmm","bmm/teams/team-fullstack.yaml","da8346b10dfad8e1164a11abeb3b0a84a1d8b5f04e01e8490a44ffca477a1b96"
"csv","default-party","cis","cis/teams/default-party.csv","e27e5a0480f41760da2fde5aeeccd425dae9c4a654105aab329ee1562cc83392"
"csv","design-methods","cis","cis/workflows/bmad-cis-design-thinking/design-methods.csv","97a1fa87aaa355ce855c2c4e3bbfde59cb4ed2166cf9896496af786f10c13459"
"csv","innovation-frameworks","cis","cis/workflows/bmad-cis-innovation-strategy/innovation-frameworks.csv","bd1d191062302353d2562a54751f8f263ce47e143202e2c0fe41315c2be9eb95"
"csv","module-help","cis","cis/module-help.csv","7a7a8d3772bc73578aa7bada497010b691dcc3830587887cafcf503c0bbbbe22"
"csv","solving-methods","cis","cis/workflows/bmad-cis-problem-solving/solving-methods.csv","f3a380b12b21ec2410d1ac44bc8ca1970b0a04a21bfe3dd0370ac7ed1ec0d2c0"
"csv","story-types","cis","cis/workflows/bmad-cis-storytelling/story-types.csv","8cf3d49d3ce771f30b6d9c0c936d35f92b8af23e0962c876df832c02d605f1ce"
"md","README","cis","cis/workflows/README.md","9bf276f73619d8fd8cbe6cf371e300f6c4654e0fe52295210152324b5a990380"
"md","SKILL","cis","cis/workflows/bmad-cis-design-thinking/SKILL.md","6402dd05b1a9f035f7c9d474ca41d0a132069d4412414ae27dae62ea1882d321"
"md","SKILL","cis","cis/workflows/bmad-cis-innovation-strategy/SKILL.md","d175c0fd1a84225cba24546e7a47347afd59e89619b438a81bfc108e89060de6"
"md","SKILL","cis","cis/workflows/bmad-cis-problem-solving/SKILL.md","77327ef9062220ce936b7e74c7b995a01d8997b7390634ef0778f22ac17b6b8c"
"md","SKILL","cis","cis/workflows/bmad-cis-storytelling/SKILL.md","a6169e1b9501c08066f91857c3dbf64da1fa7fe1bf131a839a5e3ea95a340763"
"md","template","cis","cis/workflows/bmad-cis-design-thinking/template.md","7bcf6d0cd09de3c0d91f3f49ee280177365dabb64ed814b97e83e73082643c37"
"md","template","cis","cis/workflows/bmad-cis-innovation-strategy/template.md","ab574d69fa13e21c806101a9089563b541013f6df44255d800ea24d4cb6d7136"
"md","template","cis","cis/workflows/bmad-cis-problem-solving/template.md","c46fbdf42a1d9ad732f562e4add05020198ffc7ba18d134718e1cd960752c390"
"md","template","cis","cis/workflows/bmad-cis-storytelling/template.md","290615dbd530dc13843a87ebedd107b390bcfd57cf68df67cd250dea8f49b2dd"
"md","workflow","cis","cis/workflows/bmad-cis-design-thinking/workflow.md","19cba5bbf522b7d9c2865f0a7270abe739fc54b600e97e015c1bbc45274e757e"
"md","workflow","cis","cis/workflows/bmad-cis-innovation-strategy/workflow.md","9de30e25299963f0d1633fd51c6b4511ad838ac9b79ac050ee43f902718f5b04"
"md","workflow","cis","cis/workflows/bmad-cis-problem-solving/workflow.md","ce8fdba34e03c0fa3762bcc5ff8c962502547926075aa1498c5c7d2651ba0f0a"
"md","workflow","cis","cis/workflows/bmad-cis-storytelling/workflow.md","7e53145fdd66da6151d6bfae46989cb96147a9a3806222453a4a592f182cbcdb"
"yaml","bmad-skill-manifest","cis","cis/workflows/bmad-cis-design-thinking/bmad-skill-manifest.yaml","fba78c307309490c064510a2d87d29e608120d600a705fd1d6b110adbdb68e63"
"yaml","bmad-skill-manifest","cis","cis/workflows/bmad-cis-innovation-strategy/bmad-skill-manifest.yaml","fba78c307309490c064510a2d87d29e608120d600a705fd1d6b110adbdb68e63"
"yaml","bmad-skill-manifest","cis","cis/workflows/bmad-cis-problem-solving/bmad-skill-manifest.yaml","fba78c307309490c064510a2d87d29e608120d600a705fd1d6b110adbdb68e63"
"yaml","bmad-skill-manifest","cis","cis/workflows/bmad-cis-storytelling/bmad-skill-manifest.yaml","fba78c307309490c064510a2d87d29e608120d600a705fd1d6b110adbdb68e63"
"yaml","config","cis","cis/config.yaml","d5cea642166e6fb74ad4e6869659824655e03c9a0848c0f57e81f7e15cf34898"
"yaml","creative-squad","cis","cis/teams/creative-squad.yaml","5e1033c95a9679e2f8688be4409104aa0b98c6503abb0512447b6d7541dd4f61"
"csv","brain-methods","core","core/workflows/bmad-brainstorming/brain-methods.csv","0ab5878b1dbc9e3fa98cb72abfc3920a586b9e2b42609211bb0516eefd542039"
"csv","methods","core","core/workflows/advanced-elicitation/methods.csv","e08b2e22fec700274982e37be608d6c3d1d4d0c04fa0bae05aa9dba2454e6141"
"csv","module-help","core","core/module-help.csv","7a8f0a0ef5446ce2bdfb5bb56a48e24a4f784f875ddffd6df500b3528d90222d"
"md","SKILL","core","core/tasks/bmad-editorial-review-prose/SKILL.md","84c66b7bcf23c38f2933823e9719eeac270c16a7d1cf002476d9fd3fb457d65b"
"md","SKILL","core","core/tasks/bmad-editorial-review-structure/SKILL.md","467da1b30b94d9c4856b12fc019f46514c11da30dd66785536f13a3a933e56c5"
"md","SKILL","core","core/tasks/bmad-help/SKILL.md","76e2e465a8f2726c135a3835c520ed2e8752b416a5199938e6226ce6a3dec64b"
"md","SKILL","core","core/tasks/bmad-index-docs/SKILL.md","8e4c962c18474b0d5296a1edb8cfd73df587a3b00bd8c57fa3c62ba3425fa418"
"md","SKILL","core","core/tasks/bmad-review-adversarial-general/SKILL.md","6efa7c2a3d787f7659fc694425080f383fa4a9aba969f47b4920dc027f33bcee"
"md","SKILL","core","core/tasks/bmad-review-edge-case-hunter/SKILL.md","d27d976de6244e37577e876992d5756c408c7cd4f357bef57f6bc593ad0c0d45"
"md","SKILL","core","core/tasks/bmad-shard-doc/SKILL.md","dee71f825fbc559034bb25340d3286b0167017a7e80148ac314d240e88f737eb"
"md","SKILL","core","core/workflows/bmad-brainstorming/SKILL.md","f1a7684fffc5cc53ed2c195f728e94fbb61a8587f00b0b1fe0babd5def28efdd"
"md","SKILL","core","core/workflows/bmad-party-mode/SKILL.md","0cf1d1915a9b64c0e09d20e8a873680f7dafc19918ab5617c8e39c5a6ee0152d"
"md","step-01-agent-loading","core","core/workflows/bmad-party-mode/steps/step-01-agent-loading.md","04ab6b6247564f7edcd5c503f5ca7d27ae688b09bbe2e24345550963a016e9f9"
"md","step-01-session-setup","core","core/workflows/bmad-brainstorming/steps/step-01-session-setup.md","a2376d8394fb84e3b5b45c7ecfe00c8f5ae0a0737f547d03108e735e41b99412"
"md","step-01b-continue","core","core/workflows/bmad-brainstorming/steps/step-01b-continue.md","bb88e341a25e5e33d533046470a6a4e828ff427066f49bf29ccd22c507c7f726"
"md","step-02-discussion-orchestration","core","core/workflows/bmad-party-mode/steps/step-02-discussion-orchestration.md","a8a79890bd03237e20f1293045ecf06f9a62bc590f5c2d4f88e250cee40abb0b"
"md","step-02a-user-selected","core","core/workflows/bmad-brainstorming/steps/step-02a-user-selected.md","558b162466745b92687a5d6e218f243a98436dd177b2d5544846c5ff4497cc94"
"md","step-02b-ai-recommended","core","core/workflows/bmad-brainstorming/steps/step-02b-ai-recommended.md","99aa935279889f278dcb2a61ba191600a18e9db356dd8ce62f0048d3c37c9531"
"md","step-02c-random-selection","core","core/workflows/bmad-brainstorming/steps/step-02c-random-selection.md","f188c260c321c7f026051fefcd267a26ee18ce2a07f64bab7f453c0c3e483316"
"md","step-02d-progressive-flow","core","core/workflows/bmad-brainstorming/steps/step-02d-progressive-flow.md","a28c7a3edf34ceb0eea203bf7dc80f39ca04974f6d1ec243f0a088281b2e55de"
"md","step-03-graceful-exit","core","core/workflows/bmad-party-mode/steps/step-03-graceful-exit.md","85e87df198fbb7ce1cf5e65937c4ad6f9ab51a2d80701979570f00519a2d9478"
"md","step-03-technique-execution","core","core/workflows/bmad-brainstorming/steps/step-03-technique-execution.md","1b0557e3114bf525779f4121b82d0046067a2a11e8052aad4c7a367270d45b7c"
"md","step-04-idea-organization","core","core/workflows/bmad-brainstorming/steps/step-04-idea-organization.md","cec7bc5c28248afb3282d7a5fcafed184371462417326dec38b89b157e2cffa6"
"md","template","core","core/workflows/bmad-brainstorming/template.md","5c99d76963eb5fc21db96c5a68f39711dca7c6ed30e4f7d22aedee9e8bb964f9"
"md","workflow","core","core/tasks/bmad-editorial-review-prose/workflow.md","998ad2589728fac834820639886744bb3d1606674a1b2a1ab0da47fae8eb3e50"
"md","workflow","core","core/tasks/bmad-editorial-review-structure/workflow.md","ea2ab3dc9e586b1cc962371eac3e894719752536d3d8b6d68892d5aa68a46505"
"md","workflow","core","core/tasks/bmad-help/workflow.md","e610f8be8f1a5742cea912378ffbe2f580b20ee5c6c6f13bdbbab61dd98ef567"
"md","workflow","core","core/tasks/bmad-index-docs/workflow.md","295495eb83ee0f167629b1eafb906e02eb7e151b2378f4858a1fd23c130c3bce"
"md","workflow","core","core/tasks/bmad-review-adversarial-general/workflow.md","dd6f172ecec5f5a3aa94904b96f53dbc0d8560e93aaf16f23b801c5649b2d798"
"md","workflow","core","core/tasks/bmad-review-edge-case-hunter/workflow.md","77b50cf0a221eb6ff90a824593feac4f04fc7f694d4791e0fa9599e5919b54aa"
"md","workflow","core","core/tasks/bmad-shard-doc/workflow.md","0188bc74dc52d7cdc45106fcb087eabbbc645b49f2ededb797d57bdde4e9b02d"
"md","workflow","core","core/workflows/advanced-elicitation/workflow.md","bcf942236820614f81df14e29a897c08539cb4fa1cd043795a741bed85e0bfb6"
"md","workflow","core","core/workflows/bmad-brainstorming/workflow.md","44d1a899fb50728bfbab489e562c0413fca925d0bb579a35379e642a5ae60cd0"
"md","workflow","core","core/workflows/bmad-party-mode/workflow.md","e4f7328ccac68ecb7fb346c6b8f4e2e52171b63cff9070c0b382124872e673cb"
"yaml","bmad-skill-manifest","core","core/agents/bmad-skill-manifest.yaml","8f998d8c2b4b37de894e302a79916826b390049d15f96c5a4c8f5440dedf6e86"
"yaml","bmad-skill-manifest","core","core/tasks/bmad-editorial-review-prose/bmad-skill-manifest.yaml","ea1b058a23cd4fb442f2e7bc7a3a871b73391c0d18c32ddad020dd56b20425ee"
"yaml","bmad-skill-manifest","core","core/tasks/bmad-editorial-review-structure/bmad-skill-manifest.yaml","ea1b058a23cd4fb442f2e7bc7a3a871b73391c0d18c32ddad020dd56b20425ee"
"yaml","bmad-skill-manifest","core","core/tasks/bmad-help/bmad-skill-manifest.yaml","ea1b058a23cd4fb442f2e7bc7a3a871b73391c0d18c32ddad020dd56b20425ee"
"yaml","bmad-skill-manifest","core","core/tasks/bmad-index-docs/bmad-skill-manifest.yaml","ea1b058a23cd4fb442f2e7bc7a3a871b73391c0d18c32ddad020dd56b20425ee"
"yaml","bmad-skill-manifest","core","core/tasks/bmad-review-adversarial-general/bmad-skill-manifest.yaml","ea1b058a23cd4fb442f2e7bc7a3a871b73391c0d18c32ddad020dd56b20425ee"
"yaml","bmad-skill-manifest","core","core/tasks/bmad-review-edge-case-hunter/bmad-skill-manifest.yaml","ea1b058a23cd4fb442f2e7bc7a3a871b73391c0d18c32ddad020dd56b20425ee"
"yaml","bmad-skill-manifest","core","core/tasks/bmad-shard-doc/bmad-skill-manifest.yaml","ea1b058a23cd4fb442f2e7bc7a3a871b73391c0d18c32ddad020dd56b20425ee"
"yaml","bmad-skill-manifest","core","core/workflows/advanced-elicitation/bmad-skill-manifest.yaml","f320bdb329e44f842e88cb9267555bdc023a581cd918abf6e7d7707be8060ba1"
"yaml","bmad-skill-manifest","core","core/workflows/bmad-brainstorming/bmad-skill-manifest.yaml","ea1b058a23cd4fb442f2e7bc7a3a871b73391c0d18c32ddad020dd56b20425ee"
"yaml","bmad-skill-manifest","core","core/workflows/bmad-party-mode/bmad-skill-manifest.yaml","ea1b058a23cd4fb442f2e7bc7a3a871b73391c0d18c32ddad020dd56b20425ee"
"yaml","config","core","core/config.yaml","0b80040a2bdd56479d10f10395fe78751cc2b89b5649403d1fa7877666076f82"
"csv","default-party","tea","tea/teams/default-party.csv","57d37bcec4ae7ba568ec34d1c092b26eba461b1c5c44e43ac6fe82774e13f3fd"
"csv","module-help","tea","tea/module-help.csv","8c25a2ed973d0e3ac2d3485fe21527271864eed46c74417389063bead8ea59cc"
"csv","tea-index","tea","tea/testarch/tea-index.csv","97ab0b459d89fa419f7d58f5428b5585db82c3dbae4dfbe54c852fc14c999d32"
"groovy","jenkins-pipeline-template","tea","tea/workflows/testarch/bmad-testarch-ci/jenkins-pipeline-template.groovy","ae865401625d2d20b9396d41e333f39bc167967e1949761301e551131c4c7958"
"md","adr-quality-readiness-checklist","tea","tea/testarch/knowledge/adr-quality-readiness-checklist.md","34bf3460bd3218ce00efc148137f2dc67dfac2d69215c362978ca688e2fe4420"
"md","api-request","tea","tea/testarch/knowledge/api-request.md","ec62463549c406685beec789c6e363a88bcf4b082eb1ea79a071d57d5bd32a9c"
"md","api-testing-patterns","tea","tea/testarch/knowledge/api-testing-patterns.md","b9f90153a17cd5a1545a8693aff5088dd3c0261baf9a710f342cf3e62b60913c"
"md","atdd-checklist-template","tea","tea/workflows/testarch/bmad-testarch-atdd/atdd-checklist-template.md","e10b32ae4eba5c50754306bdbf49b822a279b9385c47b5e0e00f86241a655415"
"md","auth-session","tea","tea/testarch/knowledge/auth-session.md","52c284351bff80dfd76823164065e11a8e64ebe9852d56aff9f5cc6c5daf91a8"
"md","burn-in","tea","tea/testarch/knowledge/burn-in.md","e2d9e0f3a1072f24f07d0dc555af1e2e7c632257acf9bc9f957aba33e70483ec"
"md","certificate-template","tea","tea/workflows/testarch/bmad-teach-me-testing/templates/certificate-template.md","402b87fe37cf60b79fb814ef95aba249fed1ee54fdc1f14b48cdcbacfb748b43"
"md","checklist","tea","tea/workflows/testarch/bmad-teach-me-testing/checklist.md","1307c206819ba4be6fea4d020a71e1288e8f65cbd7c12ea3e8295c09562a0502"
"md","checklist","tea","tea/workflows/testarch/bmad-testarch-atdd/checklist.md","a33a144d331e642a1d514a9485bc820832b7e2e913ec0de8a72e5afa88bcde5b"
"md","checklist","tea","tea/workflows/testarch/bmad-testarch-automate/checklist.md","8fd2732067a62ab138d70f2c922c215199cf0db4e6c74c40acb1fa2b0880982a"
"md","checklist","tea","tea/workflows/testarch/bmad-testarch-ci/checklist.md","e0b04864e46012e7ffc5908cd95a929bbd1d4a3b63b6aef34b086af7a4bc7b1e"
"md","checklist","tea","tea/workflows/testarch/bmad-testarch-framework/checklist.md","8b58394515e85df49bd14601cf7fe3702a52fafb427dbdce0f8d130d640b3e25"
"md","checklist","tea","tea/workflows/testarch/bmad-testarch-nfr/checklist.md","e37368b559bcafcac645d150f3202dd8ac2f067c8186ef6f51bc3a5716187642"
"md","checklist","tea","tea/workflows/testarch/bmad-testarch-test-design/checklist.md","634e48394ca367e2438d1fc72acf2bda941ce6a581335b6d02c270948e58f193"
"md","checklist","tea","tea/workflows/testarch/bmad-testarch-test-review/checklist.md","7b5abe644e04659a1f77a1294d899e532b21a702da049e08b8f4a2c23fb8cf41"
"md","checklist","tea","tea/workflows/testarch/bmad-testarch-trace/checklist.md","a47a41d251c1c69531389954c35586e95d128c152c4527abc1b0e7c4a46c2ffc"
"md","ci-burn-in","tea","tea/testarch/knowledge/ci-burn-in.md","4b16166d59e74d29a6a9f5a17f84245505d7d9ce47b17138c7a44d885b7eaa5c"
"md","component-tdd","tea","tea/testarch/knowledge/component-tdd.md","1acb4c48b2f924f60ed6784955597c17120466d5dc24d2e43e4b0a1bd0e61aae"
"md","contract-testing","tea","tea/testarch/knowledge/contract-testing.md","55080c713b0ab57164d67538c216f92a833abc43925357030ea2d448d81ec2f1"
"md","data-factories","tea","tea/testarch/knowledge/data-factories.md","c98dab79a9064d45402dbe0a5c25a1d82b53557c56e3f142023bf907e2b98d53"
"md","email-auth","tea","tea/testarch/knowledge/email-auth.md","1265f30cdd7b85f164769abf4f6ea86b6abec3acd90653e646a9c9ee17176963"
"md","error-handling","tea","tea/testarch/knowledge/error-handling.md","9122f09fed1f52a679cb513d5d3c7c93c66e9021ee58e99fd66692e50db28be4"
"md","feature-flags","tea","tea/testarch/knowledge/feature-flags.md","37286f0ab1ce44e6d6708cea3118be628e79ca7afdda9cb3084c3d86e07f2f6d"
"md","file-utils","tea","tea/testarch/knowledge/file-utils.md","f348141dc7c2fd75712bdf0074ba292469dd54be20b786a893d21cd85a0f6f0e"
"md","fixture-architecture","tea","tea/testarch/knowledge/fixture-architecture.md","636a022ba08faad496c24fdbef2ddff9081a03b608fa6eadd4301e5ebbb1cd0c"
"md","fixtures-composition","tea","tea/testarch/knowledge/fixtures-composition.md","5031a64c2b00784b9a0dcb18eaf2beb7f9a8a0d7727acfd0e27430b316e696f1"
"md","instructions","tea","tea/workflows/testarch/bmad-teach-me-testing/instructions.md","2a5782a223f4b881b7a8f89f275dac5894324512238292b52d7c0a451a82e10b"
"md","instructions","tea","tea/workflows/testarch/bmad-testarch-atdd/instructions.md","06b40fa31b161afe91b34a28dd3aa569162996905d2d29e78e23644c576ddb01"
"md","instructions","tea","tea/workflows/testarch/bmad-testarch-automate/instructions.md","f7ffbd4cf5f49066c93449d2a823499430e590a31a9039c8c72196d533262e5e"
"md","instructions","tea","tea/workflows/testarch/bmad-testarch-ci/instructions.md","4cad492a4b6ba9096ee115dbd1ba2c1251820e7bf5aa70f6575f45969a5beaba"
"md","instructions","tea","tea/workflows/testarch/bmad-testarch-framework/instructions.md","d52e170fc79657495c191d076d937ad91d93fd51517c1c31dc84ca52fc69fe48"
"md","instructions","tea","tea/workflows/testarch/bmad-testarch-nfr/instructions.md","3f04f3a22a9c11a5dad9d39548ea37a8019945458e800e5c7a2fd8ac85f619f3"
"md","instructions","tea","tea/workflows/testarch/bmad-testarch-test-design/instructions.md","824af95fe5cfc729b5bc4b5e029baf2f207e5a6ab753c80d18c94611cf6f381d"
"md","instructions","tea","tea/workflows/testarch/bmad-testarch-test-review/instructions.md","6cbe1eda5ded309e0a4d571abc8bdec8b93d59f6d7f4b721ed722cf90e6654a8"
"md","instructions","tea","tea/workflows/testarch/bmad-testarch-trace/instructions.md","c69373a4c3b498b9cc6c1cdb7fa824c72fe52768a3cfc4c7e507215071e336e9"
"md","intercept-network-call","tea","tea/testarch/knowledge/intercept-network-call.md","47c84d6091054f576a190b01b985ed5914880cd6a9c728458a3812c67185f268"
"md","log","tea","tea/testarch/knowledge/log.md","76966ff3bd15e5afa47ab71decc1b7c0a65f7ea7751ac5a9196ba3c0e9e0e6cb"
"md","network-error-monitor","tea","tea/testarch/knowledge/network-error-monitor.md","4c517d05583bac0fb4b92413b4daee814c87de37ca41f39149864f688c25f67c"
"md","network-first","tea","tea/testarch/knowledge/network-first.md","257fe61ec77020d024f7ddf4f6c5c965f6c4632a469d942278c7337abc8621b7"
"md","network-recorder","tea","tea/testarch/knowledge/network-recorder.md","d0ae003638655c8f26a36bbccc06bf362302116979ea88c1c15e89753714c059"
"md","nfr-criteria","tea","tea/testarch/knowledge/nfr-criteria.md","5d5f9acfeb6a98f2ef7ee8707bbac3ab37d9c191c443c1e944dee70cf3f9963a"
"md","nfr-report-template","tea","tea/workflows/testarch/bmad-testarch-nfr/nfr-report-template.md","2ea61f39299a1c8a52e053721f57deb0bd054bd6e75c6e21fe9d2b5c5f4d21ec"
"md","overview","tea","tea/testarch/knowledge/overview.md","dfd5bd12b7dd4a347d01fc659745aafd192c0b2e5fd9ec6424f0035355a82aae"
"md","pact-consumer-di","tea","tea/testarch/knowledge/pact-consumer-di.md","0ee1edcedb2c145885dbc0bc7504187bfc1679ceedee84e0d650e7dbd32cf06d"
"md","pact-consumer-framework-setup","tea","tea/testarch/knowledge/pact-consumer-framework-setup.md","e3e5f12d21456e57c60c3ace467aea7fb3099cb02beacafd0548555ee9bca813"
"md","pact-mcp","tea","tea/testarch/knowledge/pact-mcp.md","83240abe8ae243f4c07b572c34295fc9a59a74ae8ace8fafc17462a327b8d2b4"
"md","pactjs-utils-consumer-helpers","tea","tea/testarch/knowledge/pactjs-utils-consumer-helpers.md","c8ad1d8ba2890c03741f6e24bec828278dedf22d0f2c3f46bde80da1a9489e26"
"md","pactjs-utils-overview","tea","tea/testarch/knowledge/pactjs-utils-overview.md","63ca7cd096c73cd59842ee5d67956077369bc3696530d954931612b561606a1c"
"md","pactjs-utils-provider-verifier","tea","tea/testarch/knowledge/pactjs-utils-provider-verifier.md","541e09c00db0212deb212320528c202e17586656a8d512eecfe1ab1ece9b661d"
"md","pactjs-utils-request-filter","tea","tea/testarch/knowledge/pactjs-utils-request-filter.md","1312867725f49fe8ff9a136a90dc82becdab345d724a568a7f50abba31ee8f7c"
"md","playwright-cli","tea","tea/testarch/knowledge/playwright-cli.md","63bab2ba4444ac43d5105273aafdfd6e114ac57f37c9e830fc6c09ff22bc843e"
"md","playwright-config","tea","tea/testarch/knowledge/playwright-config.md","cb0b56df946a69f275cfd686b4a9a612a0ecb4ec8a7ff8a5b64c15396928721d"
"md","probability-impact","tea","tea/testarch/knowledge/probability-impact.md","c582f4e681758b8c84ca2de003aa7133913326ac2c398b6c0e802914919b8333"
"md","README","tea","tea/workflows/testarch/README.md","8b0ba81a0cb23ecbfadd0f424f5292f90e12ab95daab921c273073001b39c194"
"md","recurse","tea","tea/testarch/knowledge/recurse.md","758e81e7d8feb48c707fba65dade45d9bb93afc06d35ec54469af2af62980960"
"md","risk-governance","tea","tea/testarch/knowledge/risk-governance.md","a290f259585eee2e0076bc6f14685acbbe6a6595b280a12bc6465797ec9e3592"
"md","selective-testing","tea","tea/testarch/knowledge/selective-testing.md","16846e37e52116f2c8fb7b928cd1a36ecd5de308a97e22b7b71bf6012720cc19"
"md","selector-resilience","tea","tea/testarch/knowledge/selector-resilience.md","27017332dd7d25c86ef39bbf8aec4ace89ee05bed56b6fdae639078c9e725d15"
"md","session-notes-template","tea","tea/workflows/testarch/bmad-teach-me-testing/templates/session-notes-template.md","e22954ab5200bd31dbe4f458746f854fe83a4bdbf848254da71650d6d94e4869"
"md","SKILL","tea","tea/workflows/testarch/bmad-teach-me-testing/SKILL.md","7bca9f657ad9d88fa067dfffb737b3aec2c5f3d18614d6a162f141966aefeab8"
"md","SKILL","tea","tea/workflows/testarch/bmad-testarch-atdd/SKILL.md","f32cda9320d46230735b5edf1dd28d4a14682d633713b7d973142af4106c5941"
"md","SKILL","tea","tea/workflows/testarch/bmad-testarch-automate/SKILL.md","46a6def223d2c224cc2e482b3d02f6391a2587604c3ee29e7bebc100b87dcd48"
"md","SKILL","tea","tea/workflows/testarch/bmad-testarch-ci/SKILL.md","3bc148831b898e6cf32c9915090f71700322d3cf8dba2e5e29d8e046d283ace0"
"md","SKILL","tea","tea/workflows/testarch/bmad-testarch-framework/SKILL.md","39703d3398ecaa8d079205d78a3f080b452fad1af488e8af460e7ad3fce8d49f"
"md","SKILL","tea","tea/workflows/testarch/bmad-testarch-nfr/SKILL.md","5e8b56bdadf4c8414b69837b22a0d4e9d65f71038eb6e5dc37e26668b18f0177"
"md","SKILL","tea","tea/workflows/testarch/bmad-testarch-test-design/SKILL.md","232f14dd77f107e0da95bd93730a3a943443c4503269b99fdb33680c53e22f32"
"md","SKILL","tea","tea/workflows/testarch/bmad-testarch-test-review/SKILL.md","36c82ad53616688087e7c1fd302f041119a32c37121ecab761b8c5b62a9813ef"
"md","SKILL","tea","tea/workflows/testarch/bmad-testarch-trace/SKILL.md","1b6c2a5b47067a9cb835c9147031a6148165008a88a10cf9ba7a8b630a06a161"
"md","step-01-assess","tea","tea/workflows/testarch/bmad-testarch-atdd/steps-e/step-01-assess.md","0da7cee58c923708334665bdaf5b50b4f0c6f9276b44fd6864d604809ed8db08"
"md","step-01-assess","tea","tea/workflows/testarch/bmad-testarch-automate/steps-e/step-01-assess.md","0da7cee58c923708334665bdaf5b50b4f0c6f9276b44fd6864d604809ed8db08"
"md","step-01-assess","tea","tea/workflows/testarch/bmad-testarch-ci/steps-e/step-01-assess.md","0da7cee58c923708334665bdaf5b50b4f0c6f9276b44fd6864d604809ed8db08"
"md","step-01-assess","tea","tea/workflows/testarch/bmad-testarch-framework/steps-e/step-01-assess.md","0da7cee58c923708334665bdaf5b50b4f0c6f9276b44fd6864d604809ed8db08"
"md","step-01-assess","tea","tea/workflows/testarch/bmad-testarch-nfr/steps-e/step-01-assess.md","0da7cee58c923708334665bdaf5b50b4f0c6f9276b44fd6864d604809ed8db08"
"md","step-01-assess","tea","tea/workflows/testarch/bmad-testarch-test-design/steps-e/step-01-assess.md","0da7cee58c923708334665bdaf5b50b4f0c6f9276b44fd6864d604809ed8db08"
"md","step-01-assess","tea","tea/workflows/testarch/bmad-testarch-test-review/steps-e/step-01-assess.md","0da7cee58c923708334665bdaf5b50b4f0c6f9276b44fd6864d604809ed8db08"
"md","step-01-assess","tea","tea/workflows/testarch/bmad-testarch-trace/steps-e/step-01-assess.md","0da7cee58c923708334665bdaf5b50b4f0c6f9276b44fd6864d604809ed8db08"
"md","step-01-detect-mode","tea","tea/workflows/testarch/bmad-testarch-test-design/steps-c/step-01-detect-mode.md","9d3c4f94dd9765b930260a2a12b0c2f0d21913579b6389b4f713fab4e07d2c67"
"md","step-01-init","tea","tea/workflows/testarch/bmad-teach-me-testing/steps-c/step-01-init.md","2ab1093556d719fb69a573a9c5dc855ca252776a0f0513fba56c9a93bc790ab8"
"md","step-01-load-context","tea","tea/workflows/testarch/bmad-testarch-nfr/steps-c/step-01-load-context.md","468400ade8aafd74ad0b45bd9be0c29e3cea31750160ca6adc34f12c0d22630a"
"md","step-01-load-context","tea","tea/workflows/testarch/bmad-testarch-test-review/steps-c/step-01-load-context.md","d679190b390d20966942612199a020dfb3563df72c2fadceb8971b563918534c"
"md","step-01-load-context","tea","tea/workflows/testarch/bmad-testarch-trace/steps-c/step-01-load-context.md","bd620269796a591fb28060523ab072940e60184ed01dda5cab2910720f1a4a0b"
"md","step-01-preflight","tea","tea/workflows/testarch/bmad-testarch-ci/steps-c/step-01-preflight.md","d6fbec1390c6dd2fc49b4cb02eac04bbf9652e1d13741657fd4f4babb1eb1b4b"
"md","step-01-preflight","tea","tea/workflows/testarch/bmad-testarch-framework/steps-c/step-01-preflight.md","5c47a9122b34e7c3aefa625a90b016ad825cecd0185574cfb30ab6742c5f02b7"
"md","step-01-preflight-and-context","tea","tea/workflows/testarch/bmad-testarch-atdd/steps-c/step-01-preflight-and-context.md","2b2a621b7f18e0fa082397fe75cbc5225358398f66309a58cee7e014624f9b14"
"md","step-01-preflight-and-context","tea","tea/workflows/testarch/bmad-testarch-automate/steps-c/step-01-preflight-and-context.md","d401896a1f718650b69e198e47dc83a81ba9bad1a6d1fa462f830050f4403594"
"md","step-01-validate","tea","tea/workflows/testarch/bmad-testarch-atdd/steps-v/step-01-validate.md","fb607dc904d4444956825b07145cf84d553948b39649e8bcdec2d7021473f5ce"
"md","step-01-validate","tea","tea/workflows/testarch/bmad-testarch-automate/steps-v/step-01-validate.md","82e552d7d0b259ae02e4006e05531f0e0865852ece082e5db2bb4197f34bbea7"
"md","step-01-validate","tea","tea/workflows/testarch/bmad-testarch-ci/steps-v/step-01-validate.md","d6dd8df1531548ae4f79282e9131cee1c2e791abfb2c3f760997b5a9f1a7d1f9"
"md","step-01-validate","tea","tea/workflows/testarch/bmad-testarch-framework/steps-v/step-01-validate.md","cbe878bd1c78da42bfb6e3655c8b53db1919c8c58c0d5c0c2ee8ae6ebed2ba80"
"md","step-01-validate","tea","tea/workflows/testarch/bmad-testarch-nfr/steps-v/step-01-validate.md","403c66b27c0c754da67ee56f1ec626e2a777653c2f309a6bf4ac6fbe323a2fac"
"md","step-01-validate","tea","tea/workflows/testarch/bmad-testarch-test-design/steps-v/step-01-validate.md","dddd6dfde8240eccc74f05cefdf1189b3702ada7372968ba8e1a1675454b74df"
"md","step-01-validate","tea","tea/workflows/testarch/bmad-testarch-test-review/steps-v/step-01-validate.md","832c320ecc2bb2d7f1025ab155dc128593a4571051f15aaa23dbfbb57469d3bb"
"md","step-01-validate","tea","tea/workflows/testarch/bmad-testarch-trace/steps-v/step-01-validate.md","2b5da1036d9d2aedaf6b5476cd8d94aa22d86ff06a0fab06740aef908d86ed03"
"md","step-01b-continue","tea","tea/workflows/testarch/bmad-teach-me-testing/steps-c/step-01b-continue.md","cceaf696a390d43802a8155c50f65f47cb9885587199db910169beba41d31b45"
"md","step-01b-resume","tea","tea/workflows/testarch/bmad-testarch-atdd/steps-c/step-01b-resume.md","0012c1f398c03389c4c0b9833f1ef7bbbb59e886837d09160790757528d63a02"
"md","step-01b-resume","tea","tea/workflows/testarch/bmad-testarch-automate/steps-c/step-01b-resume.md","964342ec321adc0397ddbf51dd3c0e194b406b752d948ae9a115b5898c8b65e9"
"md","step-01b-resume","tea","tea/workflows/testarch/bmad-testarch-ci/steps-c/step-01b-resume.md","12de739385eaf55e31aaed64b8608324d3c6fd247f22378a630810cbace44798"
"md","step-01b-resume","tea","tea/workflows/testarch/bmad-testarch-framework/steps-c/step-01b-resume.md","25e2623397b2144f50bd0906186d72117a9c005e75583e0e3968111e3fdaef4b"
"md","step-01b-resume","tea","tea/workflows/testarch/bmad-testarch-nfr/steps-c/step-01b-resume.md","43f7133fd110c9c8aa3edab7f02a344f08aaa7bcfd70ae8ed9803ff670dabc22"
"md","step-01b-resume","tea","tea/workflows/testarch/bmad-testarch-test-design/steps-c/step-01b-resume.md","490487dca414ed1a072acb0cc8f496d825b14dd3b06870823ee852d484c6f4fc"
"md","step-01b-resume","tea","tea/workflows/testarch/bmad-testarch-test-review/steps-c/step-01b-resume.md","9171e8dabce907994fd7181d3fa42364c661b53da3887bb8dc5930cca6534a86"
"md","step-01b-resume","tea","tea/workflows/testarch/bmad-testarch-trace/steps-c/step-01b-resume.md","e651392598418fdb754c6f709a9090290e3328599b02f61d7ef95ecf58836fc5"
"md","step-02-apply-edit","tea","tea/workflows/testarch/bmad-testarch-atdd/steps-e/step-02-apply-edit.md","1bab9f0a282b0706ae7f3fe866ae9743561d62e31b55ec71a3c8b8c805eb1b86"
"md","step-02-apply-edit","tea","tea/workflows/testarch/bmad-testarch-automate/steps-e/step-02-apply-edit.md","1bab9f0a282b0706ae7f3fe866ae9743561d62e31b55ec71a3c8b8c805eb1b86"
"md","step-02-apply-edit","tea","tea/workflows/testarch/bmad-testarch-ci/steps-e/step-02-apply-edit.md","1bab9f0a282b0706ae7f3fe866ae9743561d62e31b55ec71a3c8b8c805eb1b86"
"md","step-02-apply-edit","tea","tea/workflows/testarch/bmad-testarch-framework/steps-e/step-02-apply-edit.md","1bab9f0a282b0706ae7f3fe866ae9743561d62e31b55ec71a3c8b8c805eb1b86"
"md","step-02-apply-edit","tea","tea/workflows/testarch/bmad-testarch-nfr/steps-e/step-02-apply-edit.md","1bab9f0a282b0706ae7f3fe866ae9743561d62e31b55ec71a3c8b8c805eb1b86"
"md","step-02-apply-edit","tea","tea/workflows/testarch/bmad-testarch-test-design/steps-e/step-02-apply-edit.md","1bab9f0a282b0706ae7f3fe866ae9743561d62e31b55ec71a3c8b8c805eb1b86"
"md","step-02-apply-edit","tea","tea/workflows/testarch/bmad-testarch-test-review/steps-e/step-02-apply-edit.md","1bab9f0a282b0706ae7f3fe866ae9743561d62e31b55ec71a3c8b8c805eb1b86"
"md","step-02-apply-edit","tea","tea/workflows/testarch/bmad-testarch-trace/steps-e/step-02-apply-edit.md","1bab9f0a282b0706ae7f3fe866ae9743561d62e31b55ec71a3c8b8c805eb1b86"
"md","step-02-assess","tea","tea/workflows/testarch/bmad-teach-me-testing/steps-c/step-02-assess.md","fc59314f431976a371ecf29dabc99684cec6a532e99a583b30419a5aa13b2a73"
"md","step-02-define-thresholds","tea","tea/workflows/testarch/bmad-testarch-nfr/steps-c/step-02-define-thresholds.md","044f8ffec7060b5e2a9edd6a0a547e57f2f4cc6c01dd8bc603231ca66e31a82a"
"md","step-02-discover-tests","tea","tea/workflows/testarch/bmad-testarch-test-review/steps-c/step-02-discover-tests.md","3fbe737fc42d34ac6da4cedccba15f2b3173156b5e04054bca736ea62b9b1b8d"
"md","step-02-discover-tests","tea","tea/workflows/testarch/bmad-testarch-trace/steps-c/step-02-discover-tests.md","4e8d0acb418262b8be85a47604c097fcc9ba7338817ac2a93397544416790e1e"
"md","step-02-generate-pipeline","tea","tea/workflows/testarch/bmad-testarch-ci/steps-c/step-02-generate-pipeline.md","bbd4593886731b5b5692f99507831d8cf017e84d47809fef1ceda8c1676fa033"
"md","step-02-generation-mode","tea","tea/workflows/testarch/bmad-testarch-atdd/steps-c/step-02-generation-mode.md","9ee0e84f48025fb925d5a0a15f2325e7c4b9a9c5121119d0333c8688ddfec176"
"md","step-02-identify-targets","tea","tea/workflows/testarch/bmad-testarch-automate/steps-c/step-02-identify-targets.md","0d1a28f43a5dcd058b66e17f2d081ff7c1c7e41a2ac2e7495c95b06df06c5f5b"
"md","step-02-load-context","tea","tea/workflows/testarch/bmad-testarch-test-design/steps-c/step-02-load-context.md","c5dd63bcdbb38571700b92466e7ff4d5d992b73fef20fec2fed08891cc2e2b01"
"md","step-02-select-framework","tea","tea/workflows/testarch/bmad-testarch-framework/steps-c/step-02-select-framework.md","958ad94c65003793c20f6ecc0d9ced2b3f4ae3f3990332129dc8d8894fb41a54"
"md","step-03-configure-quality-gates","tea","tea/workflows/testarch/bmad-testarch-ci/steps-c/step-03-configure-quality-gates.md","619082ff171c08f88340f4ade8a4080a4f0173d22de2725fa09c11b7b6a99475"
"md","step-03-gather-evidence","tea","tea/workflows/testarch/bmad-testarch-nfr/steps-c/step-03-gather-evidence.md","161b3d30ff4296c3097a55ebe62816dc3364961f9596aa69256369cecc34ee1d"
"md","step-03-generate-tests","tea","tea/workflows/testarch/bmad-testarch-automate/steps-c/step-03-generate-tests.md","5be55887f41b4387de6ab15085b3b9049ed1eec96d16b2b3673145753cf5baf6"
"md","step-03-map-criteria","tea","tea/workflows/testarch/bmad-testarch-trace/steps-c/step-03-map-criteria.md","6c29e8d225accf4ab5dad033cb3f0a9e433234f4b029060adc2dfeccaaad69ff"
"md","step-03-quality-evaluation","tea","tea/workflows/testarch/bmad-testarch-test-review/steps-c/step-03-quality-evaluation.md","65d6b9c1810664e1676dc5efb0d9a452f0331fcd25e3e10cb51caa93e9960870"
"md","step-03-risk-and-testability","tea","tea/workflows/testarch/bmad-testarch-test-design/steps-c/step-03-risk-and-testability.md","bcc4e25eef2df5aea73fc1b1c38fe13e9754f24716bc6e5dfa69f88ad7777ca0"
"md","step-03-scaffold-framework","tea","tea/workflows/testarch/bmad-testarch-framework/steps-c/step-03-scaffold-framework.md","b1567d05a204b88eb1e7ded75c8fe2f6ee4aa701feca09ee604c0a3a28952b54"
"md","step-03-session-menu","tea","tea/workflows/testarch/bmad-teach-me-testing/steps-c/step-03-session-menu.md","c9b35b9645c500fd607679134875441b9eb940cbf5853931adeba92cc70d0c0a"
"md","step-03-test-strategy","tea","tea/workflows/testarch/bmad-testarch-atdd/steps-c/step-03-test-strategy.md","d3170c76f83388eb1ca483558c1475a33bcb33c5071747dc6b887919d1f5b1fe"
"md","step-03a-subagent-api","tea","tea/workflows/testarch/bmad-testarch-automate/steps-c/step-03a-subagent-api.md","e7fc5eefb2c339d647b2e893e3ab1fac9e4b01b4d6a330f1e7889b9e0dd03132"
"md","step-03a-subagent-determinism","tea","tea/workflows/testarch/bmad-testarch-test-review/steps-c/step-03a-subagent-determinism.md","51868b0a1055e4c69c50bf9ba6ca194e5df1f7b79ab77d05ad1f6bd00b908897"
"md","step-03b-subagent-backend","tea","tea/workflows/testarch/bmad-testarch-automate/steps-c/step-03b-subagent-backend.md","c3c10bc41e0ce0f29b7fc65ed28dbab8b33c7adc1fde52b5c6959d25f1df4f88"
"md","step-03b-subagent-e2e","tea","tea/workflows/testarch/bmad-testarch-automate/steps-c/step-03b-subagent-e2e.md","1bc299c0079639550b922dfd5358a8689a345d056f071f845bd7c41899ac154a"
"md","step-03b-subagent-isolation","tea","tea/workflows/testarch/bmad-testarch-test-review/steps-c/step-03b-subagent-isolation.md","4e5f9f983ed9d65c613226c451b1cae11e38cabc4b1bffe197ab5bdbd933025a"
"md","step-03c-aggregate","tea","tea/workflows/testarch/bmad-testarch-automate/steps-c/step-03c-aggregate.md","bc05fe070b5c88c626b2351bbac4314625ea683c5dfef76cb17717fdb7d6a82b"
"md","step-03c-subagent-maintainability","tea","tea/workflows/testarch/bmad-testarch-test-review/steps-c/step-03c-subagent-maintainability.md","98e6da35435a7da19d0e92975c4d3f0e1fd5b99dadeebe318665a2970ae73cd5"
"md","step-03e-subagent-performance","tea","tea/workflows/testarch/bmad-testarch-test-review/steps-c/step-03e-subagent-performance.md","a17ba4d114757da4457f51536012d153cfc42b76f3a32c54846737698dd46d0b"
"md","step-03f-aggregate-scores","tea","tea/workflows/testarch/bmad-testarch-test-review/steps-c/step-03f-aggregate-scores.md","5ed033dc182b71b92d4872bdf4eddde59c5b18e3b54dc65bbe49f5011c25ad12"
"md","step-04-analyze-gaps","tea","tea/workflows/testarch/bmad-testarch-trace/steps-c/step-04-analyze-gaps.md","cda71e008da2dfee7c6a6e2d9e8c2fe4f977074f7e0f0093f43d166c82db0719"
"md","step-04-coverage-plan","tea","tea/workflows/testarch/bmad-testarch-test-design/steps-c/step-04-coverage-plan.md","1abfc3750bd4d8c9a1c75ecb1fca1998f45b33d6b781751de8bc072b32c1ad65"
"md","step-04-docs-and-scripts","tea","tea/workflows/testarch/bmad-testarch-framework/steps-c/step-04-docs-and-scripts.md","a36e99ebc133e18f784d75d8f42109d019f2295eaf0315addb8a5726c7a61a48"
"md","step-04-evaluate-and-score","tea","tea/workflows/testarch/bmad-testarch-nfr/steps-c/step-04-evaluate-and-score.md","fb1e647fdaadbf1959f9823726b25cae4fa8716aacc3c1c45f50c7fbca6c391c"
"md","step-04-generate-report","tea","tea/workflows/testarch/bmad-testarch-test-review/steps-c/step-04-generate-report.md","c60e9ba9ec233d56d0c572cf0e98bb7e46efea27ba5a29041c3a427712ddd003"
"md","step-04-generate-tests","tea","tea/workflows/testarch/bmad-testarch-atdd/steps-c/step-04-generate-tests.md","1d7d97388b8aff1e9ce2cddf7d7d606d6b82d4d15078d9aab1e4ace5b01aa62f"
"md","step-04-session-01","tea","tea/workflows/testarch/bmad-teach-me-testing/steps-c/step-04-session-01.md","abab7d84c5f1f5fe0b5935a77629056adf3ae1604a4df453bfc0a51ba1304647"
"md","step-04-session-02","tea","tea/workflows/testarch/bmad-teach-me-testing/steps-c/step-04-session-02.md","e9a544982a4735413ecd579ce2989497f7f7a8767f78fc85f9a78b8524035601"
"md","step-04-session-03","tea","tea/workflows/testarch/bmad-teach-me-testing/steps-c/step-04-session-03.md","c151a74acf70e6cc8057cda58ff754099c0518154a44d3e44e36a9550793b36d"
"md","step-04-session-04","tea","tea/workflows/testarch/bmad-teach-me-testing/steps-c/step-04-session-04.md","0d2488945b2e1bb2e2c772040f9202e8cfb13f6c318ee265df3ef65eea7574da"
"md","step-04-session-05","tea","tea/workflows/testarch/bmad-teach-me-testing/steps-c/step-04-session-05.md","dc7e59d103c2097b37e7d61c52a481fd608d235aea066456f04f363f5179e086"
"md","step-04-session-06","tea","tea/workflows/testarch/bmad-teach-me-testing/steps-c/step-04-session-06.md","5c4c80c67e6a1e66ca5cf1387cad0c128146d502ef8fff25775e235a584d33ab"
"md","step-04-session-07","tea","tea/workflows/testarch/bmad-teach-me-testing/steps-c/step-04-session-07.md","b6e5b6f7ebb4d80792504b25f78a1151644c399ba7c718bca211a8ff6594be2c"
"md","step-04-validate-and-summarize","tea","tea/workflows/testarch/bmad-testarch-automate/steps-c/step-04-validate-and-summarize.md","907a784a9c3a3d6932137cf80409f9751e1234c0367e8847b3276d86fccfddcd"
"md","step-04-validate-and-summary","tea","tea/workflows/testarch/bmad-testarch-ci/steps-c/step-04-validate-and-summary.md","869dc8e0aa749715d4116c6fe8623df1e29976d0fd5ad4f4dfc5589543541ad4"
"md","step-04a-subagent-api-failing","tea","tea/workflows/testarch/bmad-testarch-atdd/steps-c/step-04a-subagent-api-failing.md","150c8908c2b8b6314a584a241321c184b76ed8f67b7a7064adb0ff66bb597ed2"
"md","step-04a-subagent-security","tea","tea/workflows/testarch/bmad-testarch-nfr/steps-c/step-04a-subagent-security.md","e397ece88e646edd7decefcffae218077e23665e15c14fd2d41c56cd65c6cb4e"
"md","step-04b-subagent-e2e-failing","tea","tea/workflows/testarch/bmad-testarch-atdd/steps-c/step-04b-subagent-e2e-failing.md","acc42edab80a5618d764d0a255d07eb9076bae1f71d74cce8f3383d06c68332e"
"md","step-04b-subagent-performance","tea","tea/workflows/testarch/bmad-testarch-nfr/steps-c/step-04b-subagent-performance.md","de6f83e68ce242254767919b6a8e9b79575e75d407159c5a07e966c03d129c1d"
"md","step-04c-aggregate","tea","tea/workflows/testarch/bmad-testarch-atdd/steps-c/step-04c-aggregate.md","9f719ffbf6afc0083398ec665a50bf10764b3ad8fb562a8d45fb2f51e8ebad48"
"md","step-04c-subagent-reliability","tea","tea/workflows/testarch/bmad-testarch-nfr/steps-c/step-04c-subagent-reliability.md","8e418f4e9838264a7577a511135a20efc918b9baae56d4dc44d18f8888162564"
"md","step-04d-subagent-scalability","tea","tea/workflows/testarch/bmad-testarch-nfr/steps-c/step-04d-subagent-scalability.md","4e138676b99f92d9728fae91974ec260be93f151eec753764a364a76e394152e"
"md","step-04e-aggregate-nfr","tea","tea/workflows/testarch/bmad-testarch-nfr/steps-c/step-04e-aggregate-nfr.md","38642fca4c37a0da53c1313e6bf90093ebd2e1867103c497d868a2ec81ddeb74"
"md","step-05-completion","tea","tea/workflows/testarch/bmad-teach-me-testing/steps-c/step-05-completion.md","6a522818bec8615ec44ee496b025364fce8ad15dc39db97e76e66d8629d153ae"
"md","step-05-gate-decision","tea","tea/workflows/testarch/bmad-testarch-trace/steps-c/step-05-gate-decision.md","0485065c4bdb43f03625868c92a7a0695f07009ba8f3d43b25da758a35812620"
"md","step-05-generate-output","tea","tea/workflows/testarch/bmad-testarch-test-design/steps-c/step-05-generate-output.md","24f626a0650d932e82c04a67b9a58dbf8c09471d6a79469da4e075885d552a4f"
"md","step-05-generate-report","tea","tea/workflows/testarch/bmad-testarch-nfr/steps-c/step-05-generate-report.md","1b7a4773ccf84efc5932357fd2c2bd370aa890b62b3be1c3f74c7aeb2a2b9b63"
"md","step-05-validate-and-complete","tea","tea/workflows/testarch/bmad-testarch-atdd/steps-c/step-05-validate-and-complete.md","cc0d6754bb757a33c3a42d5ea904685b189a5e17a8b4fbeec08fb5bd7c108760"
"md","step-05-validate-and-summary","tea","tea/workflows/testarch/bmad-testarch-framework/steps-c/step-05-validate-and-summary.md","b63a1a0e562d5f6db1bdf05f12e9001a1a29fc539b55ea840b7f98f6082eeb27"
"md","step-e-01-assess-workflow","tea","tea/workflows/testarch/bmad-teach-me-testing/steps-e/step-e-01-assess-workflow.md","69efe382e2c34c40c708cc78983f9da17bc03dadbe48d404cf5fff5a41064af6"
"md","step-e-02-apply-edits","tea","tea/workflows/testarch/bmad-teach-me-testing/steps-e/step-e-02-apply-edits.md","e80344a593f15a80c0d9883592ba54fbef2934a4b9d2b5abd892f554a70dc11a"
"md","step-v-01-validate","tea","tea/workflows/testarch/bmad-teach-me-testing/steps-v/step-v-01-validate.md","44e3299dd821040695106119643d70ad67cf1f7b050794b0c578c83e2476fa7f"
"md","test-design-architecture-template","tea","tea/workflows/testarch/bmad-testarch-test-design/test-design-architecture-template.md","dc3317f4b22d2410429acee64f09e043bd677a09335127c65652b40b916cd469"
"md","test-design-handoff-template","tea","tea/workflows/testarch/bmad-testarch-test-design/test-design-handoff-template.md","2569b545622917e0ece923dd8771aacf0a59ca888793fda492484830f7228b6f"
"md","test-design-qa-template","tea","tea/workflows/testarch/bmad-testarch-test-design/test-design-qa-template.md","0bbd9630d237775aca9aa7b0e8e1c886b351e10e93b492c8f5281bea9af845ee"
"md","test-design-template","tea","tea/workflows/testarch/bmad-testarch-test-design/test-design-template.md","8d4c76b447400f5f7a6d35a8f8f438da76c4200526f01972a4f8e4bddf4b5646"
"md","test-healing-patterns","tea","tea/testarch/knowledge/test-healing-patterns.md","34f05dc40b5ead05d9c68299cb1a46f819338a4c8c928ab550a593e17f2b5464"
"md","test-levels-framework","tea","tea/testarch/knowledge/test-levels-framework.md","5397ad467351c55a6c8ee0d7f2fc6fce3d123a0bee35c01af0f71aa90d8bd0ea"
"md","test-priorities-matrix","tea","tea/testarch/knowledge/test-priorities-matrix.md","9f026da4038166ce8c3cc8aaedc9ca32b99eae75a053d5301c07bc53442a7788"
"md","test-quality","tea","tea/testarch/knowledge/test-quality.md","01552faa4496926c4e4badf03ff7c0b17fbf3e5647c3a79348c6e4932602955e"
"md","test-review-template","tea","tea/workflows/testarch/bmad-testarch-test-review/test-review-template.md","a5b4ea89a0936605c0e454db07013676458f889bef5c536a211cda401e8165fb"
"md","timing-debugging","tea","tea/testarch/knowledge/timing-debugging.md","74304e8e924f1ae21be4edcdea149442a8ee1d5ad23a5388dc32c0cf3f8135e7"
"md","trace-template","tea","tea/workflows/testarch/bmad-testarch-trace/trace-template.md","d58d9e9de635bb9eebf3a449fe66aa99e998256187204bac59033d5603d8ec24"
"md","validation-report-20260127-095021","tea","tea/workflows/testarch/bmad-testarch-atdd/validation-report-20260127-095021.md","8ad16b678e08ec75a41bc2893db7ae8ad2be8cf229d9c8393b45fba310161e04"
"md","validation-report-20260127-095021","tea","tea/workflows/testarch/bmad-testarch-automate/validation-report-20260127-095021.md","76003bc6af51d5d5fa99ab5e4f2762f521f49b5543789399b8b56b917e6c3ae4"
"md","validation-report-20260127-095021","tea","tea/workflows/testarch/bmad-testarch-ci/validation-report-20260127-095021.md","510e83e1909f93be68d337284e56e129a97b81d529ed37231d6b2f62c8e3de31"
"md","validation-report-20260127-095021","tea","tea/workflows/testarch/bmad-testarch-framework/validation-report-20260127-095021.md","0ffbf0dd8732a2d43825235965670b6f8255a06a131caeb92f8f6afad22240ad"
"md","validation-report-20260127-095021","tea","tea/workflows/testarch/bmad-testarch-nfr/validation-report-20260127-095021.md","c0e196e2fa452cce54d1b82da1501d58eb7f6509885da1879bcd316634764f68"
"md","validation-report-20260127-095021","tea","tea/workflows/testarch/bmad-testarch-test-design/validation-report-20260127-095021.md","2c9df60896256ea91555fcdcb3c3d5b38d47003fa0d5b1216466a6599b53d0ed"
"md","validation-report-20260127-095021","tea","tea/workflows/testarch/bmad-testarch-test-review/validation-report-20260127-095021.md","e3c761b0beb35bedf5be5170725571eb60a8d0853d219aa6c2cbf7548b058dc0"
"md","validation-report-20260127-095021","tea","tea/workflows/testarch/bmad-testarch-trace/validation-report-20260127-095021.md","4c3df5b3b9fb51dec9110094a9b073391c1f0befd5a5bd11ee3b681655581198"
"md","validation-report-20260127-102401","tea","tea/workflows/testarch/bmad-testarch-atdd/validation-report-20260127-102401.md","7660056ce91586ee251521f2afd70a37d8fde92c269d1ae0006165982aa798ed"
"md","validation-report-20260127-102401","tea","tea/workflows/testarch/bmad-testarch-automate/validation-report-20260127-102401.md","d771deda210ff0e247096c8d34acf3cb65a997a352d0e2b6b534b98b8257e12f"
"md","validation-report-20260127-102401","tea","tea/workflows/testarch/bmad-testarch-ci/validation-report-20260127-102401.md","d45297159f142aefcf2370174a30cd85f4e2b58598146ca8d34281a66a218c88"
"md","validation-report-20260127-102401","tea","tea/workflows/testarch/bmad-testarch-framework/validation-report-20260127-102401.md","42da2d087d43f5d17bc75b11c57090cf43edf1f6b6f5fc422cf8b31eca697a29"
"md","validation-report-20260127-102401","tea","tea/workflows/testarch/bmad-testarch-nfr/validation-report-20260127-102401.md","571818b6acd85778e6b5bb725c93db86e5c3854644b806cc341ed8d7b299247e"
"md","validation-report-20260127-102401","tea","tea/workflows/testarch/bmad-testarch-test-design/validation-report-20260127-102401.md","a3f1a46ee45c25a0b8594f1c0680473c360ff5f234e22e342074f0d795c1916d"
"md","validation-report-20260127-102401","tea","tea/workflows/testarch/bmad-testarch-test-review/validation-report-20260127-102401.md","ef89f3a406cc7cca093ef12054cc0e5b23d3f17acba065130e1bf88520945fe4"
"md","validation-report-20260127-102401","tea","tea/workflows/testarch/bmad-testarch-trace/validation-report-20260127-102401.md","41c2741d65c4ba9a05cfa7ce9c44c97670abda4b2dd2c6f5303fd13584bb35d9"
"md","visual-debugging","tea","tea/testarch/knowledge/visual-debugging.md","f69b99d75a0b91573f6f602c7eb4f23b769a30a405ead64ae440ecf2b5c7e566"
"md","workflow","tea","tea/workflows/testarch/bmad-teach-me-testing/workflow.md","d9d6450f9683ed47e774afe0784a934324fef7d8e27a748bce0a960f65c3a920"
"md","workflow","tea","tea/workflows/testarch/bmad-testarch-atdd/workflow.md","7e2c4376a7c8ca882119ffba2d37efcc2be0dba825ed6bf170f2e48a94db8521"
"md","workflow","tea","tea/workflows/testarch/bmad-testarch-automate/workflow.md","0e53a8b4e2ba998ebc29dfbc3fc90763cb167518a38495fd90d09deab900bfb0"
"md","workflow","tea","tea/workflows/testarch/bmad-testarch-ci/workflow.md","44ec806cf6085b71b42a384c72b2fc4d17d4b540933a499bfc633e251f19507d"
"md","workflow","tea","tea/workflows/testarch/bmad-testarch-framework/workflow.md","4ac7e25c996e13ba786dad14de093f10732f7c4874df9117e7ad5f4eec5b792b"
"md","workflow","tea","tea/workflows/testarch/bmad-testarch-nfr/workflow.md","1f363ab534d00a2b559cf3a90129963fe4b91d6d0b75c1d2e4c9a794dbb6c324"
"md","workflow","tea","tea/workflows/testarch/bmad-testarch-test-design/workflow.md","654c8555cf73c7bc2a2f8cc7800f0b5440b3a027d2d385e420f7a7ea18a8cc03"
"md","workflow","tea","tea/workflows/testarch/bmad-testarch-test-review/workflow.md","04857f0d2bbf8ff8ecdb6579c100ed0781455506817565ac660217ed29506fef"
"md","workflow","tea","tea/workflows/testarch/bmad-testarch-trace/workflow.md","3b1d245438f1365cc1cc9a71ca3d8f7e7f34c62cea69b60ec43d84b1c9a9023b"
"md","workflow-plan","tea","tea/workflows/testarch/bmad-testarch-atdd/workflow-plan.md","28b265f8a3b950a92454632a0d78faa3a40b096f85714187455ab5d495787437"
"md","workflow-plan","tea","tea/workflows/testarch/bmad-testarch-automate/workflow-plan.md","cd569f2f23791b3223778af6461492f02909ae029ce14899feaf4f9e112f2956"
"md","workflow-plan","tea","tea/workflows/testarch/bmad-testarch-ci/workflow-plan.md","98c0a7ffdc946500c4cf5358ba99559f59c6cbc9c09154d8e477a87b90891952"
"md","workflow-plan","tea","tea/workflows/testarch/bmad-testarch-framework/workflow-plan.md","a3f83191c092720228f5f9f6e17c97b1eed0967f58bb1b7e54c51b0ca6e49221"
"md","workflow-plan","tea","tea/workflows/testarch/bmad-testarch-nfr/workflow-plan.md","968c84d8ea3e2ea6b248d2298aff79bc1b00ecab34113ab61ead788cc4f6a1d2"
"md","workflow-plan","tea","tea/workflows/testarch/bmad-testarch-test-design/workflow-plan.md","981e2c1fe7c701ad33e52ed62a691d747ec8b6b2a5c20637c4d4314914e49470"
"md","workflow-plan","tea","tea/workflows/testarch/bmad-testarch-test-review/workflow-plan.md","f92e323bb2a786edc3e2377325c3f7efd2cfdebe27a36f9bc94b0cc8149c08f6"
"md","workflow-plan","tea","tea/workflows/testarch/bmad-testarch-trace/workflow-plan.md","b021c4f55d751b14c96853f1559fb3a6eb044608c4a39ea56bde0ef5d6869692"
"md","workflow-plan-teach-me-testing","tea","tea/workflows/testarch/bmad-teach-me-testing/workflow-plan-teach-me-testing.md","cbe4dd7050af4342eb26868070b4a5a8350249dd038b2b0d2edd7fa258c8f93f"
"yaml","azure-pipelines-template","tea","tea/workflows/testarch/bmad-testarch-ci/azure-pipelines-template.yaml","d4e48de5edc5603872995a15289c736a26cee61b1f0c634fef2c7e957deadb3d"
"yaml","bmad-skill-manifest","tea","tea/workflows/testarch/bmad-teach-me-testing/bmad-skill-manifest.yaml","fba78c307309490c064510a2d87d29e608120d600a705fd1d6b110adbdb68e63"
"yaml","bmad-skill-manifest","tea","tea/workflows/testarch/bmad-testarch-atdd/bmad-skill-manifest.yaml","fba78c307309490c064510a2d87d29e608120d600a705fd1d6b110adbdb68e63"
"yaml","bmad-skill-manifest","tea","tea/workflows/testarch/bmad-testarch-automate/bmad-skill-manifest.yaml","fba78c307309490c064510a2d87d29e608120d600a705fd1d6b110adbdb68e63"
"yaml","bmad-skill-manifest","tea","tea/workflows/testarch/bmad-testarch-ci/bmad-skill-manifest.yaml","fba78c307309490c064510a2d87d29e608120d600a705fd1d6b110adbdb68e63"
"yaml","bmad-skill-manifest","tea","tea/workflows/testarch/bmad-testarch-framework/bmad-skill-manifest.yaml","fba78c307309490c064510a2d87d29e608120d600a705fd1d6b110adbdb68e63"
"yaml","bmad-skill-manifest","tea","tea/workflows/testarch/bmad-testarch-nfr/bmad-skill-manifest.yaml","fba78c307309490c064510a2d87d29e608120d600a705fd1d6b110adbdb68e63"
"yaml","bmad-skill-manifest","tea","tea/workflows/testarch/bmad-testarch-test-design/bmad-skill-manifest.yaml","fba78c307309490c064510a2d87d29e608120d600a705fd1d6b110adbdb68e63"
"yaml","bmad-skill-manifest","tea","tea/workflows/testarch/bmad-testarch-test-review/bmad-skill-manifest.yaml","fba78c307309490c064510a2d87d29e608120d600a705fd1d6b110adbdb68e63"
"yaml","bmad-skill-manifest","tea","tea/workflows/testarch/bmad-testarch-trace/bmad-skill-manifest.yaml","fba78c307309490c064510a2d87d29e608120d600a705fd1d6b110adbdb68e63"
"yaml","config","tea","tea/config.yaml","23c499a280533262b2b5ee4c12bab365b826ba037235cb769c762401468c1561"
"yaml","curriculum","tea","tea/workflows/testarch/bmad-teach-me-testing/data/curriculum.yaml","28bc2598bdf32fb62d3f248aa93e8849538fa1719bf0e0f7e273f4761c6f29b8"
"yaml","github-actions-template","tea","tea/workflows/testarch/bmad-testarch-ci/github-actions-template.yaml","ab958973e3db5f207c02aca9382f918754d516bf1c93b6aae3b17174210e84d3"
"yaml","gitlab-ci-template","tea","tea/workflows/testarch/bmad-testarch-ci/gitlab-ci-template.yaml","a5b151216164f463fc5dd5f23087a361cdfd60a67e0b150be962c18323ef75fe"
"yaml","harness-pipeline-template","tea","tea/workflows/testarch/bmad-testarch-ci/harness-pipeline-template.yaml","204b29940ec6b230a9d15d04290c260aa5c1b67795af6cdcfe686e5b3d1811f3"
"yaml","progress-template","tea","tea/workflows/testarch/bmad-teach-me-testing/templates/progress-template.yaml","4220c120a19dda4ee3c9a1e9b7cccd3f0a32016c553f58722fcc69d4dafac202"
"yaml","quiz-questions","tea","tea/workflows/testarch/bmad-teach-me-testing/data/quiz-questions.yaml","a308173a406edb8f2ab05d373640565c2f677463cdbcbae866ce5c811ce121c7"
"yaml","role-paths","tea","tea/workflows/testarch/bmad-teach-me-testing/data/role-paths.yaml","8cc2b2ae0f6fe1d5230702813de078a042ce228e23a184a17bff314cb9f7df2c"
"yaml","session-content-map","tea","tea/workflows/testarch/bmad-teach-me-testing/data/session-content-map.yaml","2d98160bb74341e727e0aae425b31780c12375cf91aaa00431f2c137bccc9869"
"yaml","tea-resources-index","tea","tea/workflows/testarch/bmad-teach-me-testing/data/tea-resources-index.yaml","46cf66cc9c96086f58ee51d8b9c588018485e835376881384e2064ee799ad5b2"
"yaml","workflow","tea","tea/workflows/testarch/bmad-testarch-atdd/workflow.yaml","ffd8e91c8e2f0b69606073021c30b96691b51ad4fcf2adfaad3784f372cf0d14"
"yaml","workflow","tea","tea/workflows/testarch/bmad-testarch-automate/workflow.yaml","31aa0de4052cbe9897d830fca64e75b1ad02619b5fea0e47bd6187a67b42f37e"
"yaml","workflow","tea","tea/workflows/testarch/bmad-testarch-ci/workflow.yaml","2b0dcde0dfcd0756f3d4ffb5d15f645b6972fce37807cfaf74c120d89bfa111a"
"yaml","workflow","tea","tea/workflows/testarch/bmad-testarch-framework/workflow.yaml","96bd1a10c3f9b02aa16b5c6e449e31091e3b89c1ea11a587fd111383d7fd81fc"
"yaml","workflow","tea","tea/workflows/testarch/bmad-testarch-nfr/workflow.yaml","3c6d34a1e445788ab3e53e9516826a0edd0376e4623da0961453270064356f7d"
"yaml","workflow","tea","tea/workflows/testarch/bmad-testarch-test-design/workflow.yaml","28ee3aa36cb61e425073567cbb380ba8d2b6ade33db983fd122af4ec58d2bc12"
"yaml","workflow","tea","tea/workflows/testarch/bmad-testarch-test-review/workflow.yaml","f9f22380b038a4bdf8dbbbf56d7102c8082362aa00d56199b9b18bc6944f7339"
"yaml","workflow","tea","tea/workflows/testarch/bmad-testarch-trace/workflow.yaml","911ff31fab73ade6d95c3e798f560104e2fd3f4c0d0ae3c142d63d74a1f70bcd"
"css","dev-mode","wds","wds/workflows/5-agentic-development/templates/components/dev-mode.css","66205b158e3db190d8c4376ff7cd9afd09115091d81250bcf45404d5a0e42c38"
"csv","module-help","wds","wds/module-help.csv","86af65312545c58f610f54560e2c75c14fb71d8627d0dcb18bdc44764b021c8e"
"html","catalog.template","wds","wds/workflows/7-design-system/templates/catalog.template.html","5977cb7864c8dd52f59a1c4fc92dd6b3b64b01d28aad429cab6e1ca8f85aa6b6"
"html","dev-mode","wds","wds/workflows/5-agentic-development/templates/components/dev-mode.html","8fe2f740b2d3b391450c0e9b83ae97baacbb1fef92fc74f7b480d3b2cdca9e56"
"html","page-template","wds","wds/workflows/5-agentic-development/templates/page-template.html","0453471ec5ad205368bc2d3661c6bf0515d4f17e6d662067b24521503f829df4"
"js","dev-mode","wds","wds/workflows/5-agentic-development/templates/components/dev-mode.js","9569a359873cce0482944bd8deb47f4ab8bd7178132ec3c337b52bf996164c81"
"json","demo-data-template","wds","wds/workflows/5-agentic-development/templates/demo-data-template.json","d58ef54bbd4d4fc771c6ad937b7818fe883600942250567eb735e9a852b27f82"
"md","00-context","wds","wds/workflows/1-project-brief/templates/project-brief-dialog/00-context.md","7b77312ac45b30dda5cc9a13565d0907e510a0fa3e47ac6ee1c1a873f2213afe"
"md","00-design-log.template","wds","wds/workflows/0-project-setup/templates/folder-guides/00-design-log.template.md","23b03e745cbc1353b1bc55c7679ee9f8fb74b10cf52a6977d4b3a50c723622f8"
"md","00-design-system.template","wds","wds/workflows/0-project-setup/templates/folder-guides/00-design-system.template.md","e4e03a7a8590fe72caa937ea3ea716a240722aeb681a63fd2ba2d2644cc7f1ab"
"md","00-MODULAR-ARCHITECTURE-GUIDE","wds","wds/workflows/4-ux-design/data/modular-architecture/00-MODULAR-ARCHITECTURE-GUIDE.md","43dcf16707e98336b15d6702c4d44035f024fefa2540c253e74c573ed85e060d"
"md","00-product-brief.template","wds","wds/workflows/0-project-setup/templates/folder-guides/00-product-brief.template.md","65dab69986a39ed3c538051a7ecaa61ed89770ec83a6257863aa966f2650231d"
"md","00-project-info.template","wds","wds/workflows/1-project-brief/templates/00-project-info.template.md","e32730a1b31f31928a77e835dcf61abbbd717a6752dea845670ab5b076d48d4b"
"md","00-purpose-examples","wds","wds/workflows/6-asset-generation/data/00-purpose-examples.md","d483bda4b0a4c008df918773ceccac755a040ed0bb2e06e2aea34fdf2f9defdb"
"md","00-trigger-map.template","wds","wds/workflows/0-project-setup/templates/folder-guides/00-trigger-map.template.md","735d67ad1b18193160440c3214cee194d5b829394522e4bd58e3542d48a1a72a"
"md","00-ux-scenarios.template","wds","wds/workflows/0-project-setup/templates/folder-guides/00-ux-scenarios.template.md","35ba5993a9f9b07af3ef323292885c6d038e2ac078354eb74f6d018b21f45cba"
"md","01-platform-confirmation","wds","wds/workflows/4-ux-design/data/scenario-init/01-platform-confirmation.md","ead4df5ea65855c40b373e6626cf7b6ebce5cff424f0a005e01854c8e06801c4"
"md","01-start-understand-routing","wds","wds/workflows/0-alignment-signoff/data/01-start-understand-routing.md","82ea07251d20e56ea6984ba3596c52ba4521f1c328d989e3868f1ce642c8a02a"
"md","01-what-are-storyboards","wds","wds/workflows/4-ux-design/data/modular-architecture/02-workflows/01-what-are-storyboards.md","b614d3443c410c23c19541c5d8397d9a28d61139e89f8997c8d25653714a190f"
"md","01-when-to-use","wds","wds/workflows/4-ux-design/data/modular-architecture/02-workflows/01-when-to-use.md","d847cae68ab3d8f2ab50bcbd58bd880f66b6db7d66a8b1d4c43e335f709750fb"
"md","02-explore-sections-routing","wds","wds/workflows/0-alignment-signoff/data/02-explore-sections-routing.md","de73d171d90b85f030e5ac89325fc5d26d577389e417af88df89f3dfff16ea6c"
"md","02-feature-selection","wds","wds/workflows/4-ux-design/data/scenario-init/02-feature-selection.md","8be79ef99fdd571db19e6917e1dc61fda6c1888a9fb339a7d0ee19ab545664e5"
"md","02-file-structure","wds","wds/workflows/4-ux-design/data/modular-architecture/02-workflows/02-file-structure.md","47d4680ee09d5dc4a05edbf28ea81493ea9fbe340320e85ae7b6e65fc8f26e14"
"md","02-vision","wds","wds/workflows/1-project-brief/templates/project-brief-dialog/02-vision.md","c9364cdd8ecb2f09ea68b0cb8bb5da3deee6492706b599f5cf19164e79d563f1"
"md","03-action-filter-example","wds","wds/workflows/6-asset-generation/data/03-action-filter-example.md","d926769beb4c41869311132c02eeaff833978997c639d6ad11894bf7012e5707"
"md","03-entry-point","wds","wds/workflows/4-ux-design/data/scenario-init/03-entry-point.md","1e4f852b5c7e7d7f8fdd882925b364dcccc1df5fb89f0124aebcc3b3e8d4941d"
"md","03-synthesize-present-routing","wds","wds/workflows/0-alignment-signoff/data/03-synthesize-present-routing.md","ea69bcde39b7d0bf445dcc916e99fb86377aa374a997ee8f1dc3e483b92387c5"
"md","03-users","wds","wds/workflows/1-project-brief/templates/project-brief-dialog/03-users.md","bf53a30b2a29f2980521bb39c64f0b9f874aa11da9ff4a0263ca0aa675d02462"
"md","04-badass-users-principles","wds","wds/workflows/6-asset-generation/data/04-badass-users-principles.md","96408c70881cd9d2f22b274e6c511b9bb6a375b6a1e2e5b845f88af9981cf871"
"md","04-concept","wds","wds/workflows/1-project-brief/templates/project-brief-dialog/04-concept.md","266b12bb918a2421e410f55f80e0472e5945f522294d72fa152bbf9454b31caf"
"md","04-example-empowerment-frame","wds","wds/workflows/6-asset-generation/data/04-example-empowerment-frame.md","efab363cd43e0efab5d852cfaec7ed0dc360f67e8d499b684ce6e29112002d89"
"md","04-generate-signoff-routing","wds","wds/workflows/0-alignment-signoff/data/04-generate-signoff-routing.md","29bed34a0e41d8b26d7583a638f4c53f90dec2cf4d1572aa7e87fa9626d9ac5b"
"md","04-mental-state","wds","wds/workflows/4-ux-design/data/scenario-init/04-mental-state.md","b55f33ef055f86e52704c16af0eb6f71309c5f405869ca8619fd93ccbef40822"
"md","05-build-contract-routing","wds","wds/workflows/0-alignment-signoff/data/05-build-contract-routing.md","8239e8d521b39ccbc5eb8eae3d707493044ac6ab2dec1af0e713f082abba02f4"
"md","05-example-golden-circle","wds","wds/workflows/6-asset-generation/data/05-example-golden-circle.md","de173a7b6108866df003569030a7f715ccbb4dd58519353c12f2d399a3fd7c21"
"md","05-golden-circle-guide","wds","wds/workflows/6-asset-generation/data/05-golden-circle-guide.md","ea5961e69c5df7f0a0b1c7ac5c7c0d8585d8a13dede8f3741aa0a321f5929abc"
"md","05-mutual-success","wds","wds/workflows/4-ux-design/data/scenario-init/05-mutual-success.md","efdde599cfd1dbfecc15384973b2d5981ea843ac828fe17f4876d01e096bed96"
"md","06-build-signoff-internal-routing","wds","wds/workflows/0-alignment-signoff/data/06-build-signoff-internal-routing.md","69f070c531876ff9271fe2bc25f757ad61fd5ba85439b36e3e07db33945efb23"
"md","06-example-hairdresser-newsletter","wds","wds/workflows/6-asset-generation/data/06-example-hairdresser-newsletter.md","ddf1cfd29dfb468fddb21da631c4c68b5c15ecfa7833922cf68f45a3cc52cb14"
"md","06-generation-instructions","wds","wds/workflows/6-asset-generation/data/06-generation-instructions.md","1013e44cd7bf752b5575f79a7caa61e76939e86187482ef8663bd328dbe0d9e8"
"md","06-inspiration","wds","wds/workflows/1-project-brief/templates/project-brief-dialog/06-inspiration.md","3093f3fabff3496fcbaec4956bc72f88d6a9d80143c41b4019ba877fea08564b"
"md","06-shortest-path","wds","wds/workflows/4-ux-design/data/scenario-init/06-shortest-path.md","6fb8de48b22d06d09432aca75588419d4a7f681b45a7832e3e84a7c3e46dfb03"
"md","07-positioning","wds","wds/workflows/1-project-brief/templates/project-brief-dialog/07-positioning.md","cd49316013f254718e73c474b5baff939c79016ba4073dd1ce1907e8cdfe3a62"
"md","07-reference-trigger-map","wds","wds/workflows/4-ux-design/data/scenario-init/07-reference-trigger-map.md","11842b25c96eeb183f6c3f5a430e49cd9d2e140acecddcc07f9b7fab3b2df336"
"md","1-prototype-setup","wds","wds/workflows/5-agentic-development/steps-p/1-prototype-setup.md","077a00198a084885c23618619bba4a0febd2a6359cb13c4c29f1bbe361f976eb"
"md","2-scenario-analysis","wds","wds/workflows/5-agentic-development/steps-p/2-scenario-analysis.md","b16926dd6b82d0d5a98d87e74911afb44308b5fbe8498432acf3cbc591971253"
"md","3-logical-view-breakdown","wds","wds/workflows/5-agentic-development/steps-p/3-logical-view-breakdown.md","87ab3080c8391359a784b098bb79acbc3c58197317cb749bb1fe30f79662fba5"
"md","3d-render","wds","wds/workflows/6-asset-generation/data/styles/content-styles/3d-render.md","e2026605235e6a2456a556e4ea6792cc53dcddefabcbf71e9de388cec45c4d2a"
"md","4a-announce-and-gather","wds","wds/workflows/5-agentic-development/steps-p/4a-announce-and-gather.md","f64507c927f39597dc4f08dc8cf1ace329dcbc4be05566541aa932cf54474f8b"
"md","4b-create-story-file","wds","wds/workflows/5-agentic-development/steps-p/4b-create-story-file.md","bdd511029d19fb8a7a0079a01032ac41393e7d35aa33c0c027c74ffcfea2b292"
"md","4c-implement-section","wds","wds/workflows/5-agentic-development/steps-p/4c-implement-section.md","f5c97a6c0cc043b36e098288523ff073ea7db3556debd145337fbb5a7650e22d"
"md","4d-present-for-testing","wds","wds/workflows/5-agentic-development/steps-p/4d-present-for-testing.md","63347413d7c45883ea8bf06a0887d9a22cf9f82dd4094735877da2f896f9e39a"
"md","4e-handle-issue","wds","wds/workflows/5-agentic-development/steps-p/4e-handle-issue.md","a08a0e4b57dc3f2e04e0faac86b3c118348d9d211eeda4d29d6d76ef660f6c6a"
"md","4f-handle-improvement","wds","wds/workflows/5-agentic-development/steps-p/4f-handle-improvement.md","209905dc2f38e522f6e86af245642603bbcea819634d5c8895004a304760bb8c"
"md","4g-section-approved","wds","wds/workflows/5-agentic-development/steps-p/4g-section-approved.md","00eb329f13791e1d090a9d54e0261eeecb4982b00af1df702b3524bb06b546ab"
"md","5-finalization","wds","wds/workflows/5-agentic-development/steps-p/5-finalization.md","dd33cb306a77daf153c83b9b23b510537a4d29bfb9310c6fde6bc3d0ce60313e"
"md","accessibility-audit.workflow","wds","wds/workflows/4-ux-design/templates/instructions/accessibility-audit.workflow.md","c7af3eea789a86d08104dba162024c06cdb1300b8c84e99a6b1b2256c1641463"
"md","accessibility.instructions","wds","wds/workflows/4-ux-design/templates/instructions/accessibility.instructions.md","96305287de04e58280fbd9b5bc2d43bcb45c9b1cab7b33eb9c3f077ed716c653"
"md","agent-designer-collaboration","wds","wds/workflows/4-ux-design/data/modular-architecture/00-foundation/agent-designer-collaboration.md","5aabd2f83b1c49a1b4d9f4f4cc28f823472e90c4c6f0f14c1980b364e903acd7"
"md","AGENTIC-DEVELOPMENT-GUIDE","wds","wds/workflows/5-agentic-development/data/guides/AGENTIC-DEVELOPMENT-GUIDE.md","f4211ced1343cd57f07f5999dd1eabc1f0c7c77e8eb3985190b4bbabb1fa01df"
"md","agentic-development","wds","wds/data/agent-guides/freya/agentic-development.md","95787854c5dc0b9896a9c9ac96809d76de7e61a0f7e3d6451027086a96f69383"
"md","audit-report.template","wds","wds/workflows/4-ux-design/templates/audit-report.template.md","943d69886d7758c2832dfd3ee3a7407f6b352298485854467207cb0263dd0b0f"
"md","benefits","wds","wds/workflows/4-ux-design/data/modular-architecture/03-quick-refs/benefits.md","0060c5d0efc115bdaa0b2635a1db6fee67004fd509f74ff79631a13315b59ead"
"md","booking-example","wds","wds/workflows/4-ux-design/data/scenario-init/examples/booking-example.md","2bee85ea9414855f6fa40686d439cf9f81c1e92dd165f2b3c04fb465ffab6450"
"md","brutalist","wds","wds/workflows/6-asset-generation/data/styles/design-styles/brutalist.md","60e1bc75dbe84fa9ecbda5d3ff2d4b081fdd7b6803c9d444a4885d125ebeffaf"
"md","business-goals-template","wds","wds/workflows/2-trigger-mapping/data/business-goals-template.md","7a7166dcc702f912f2af7d688c3e64418527677a672b7337d6d9ac8b98344c27"
"md","button","wds","wds/workflows/4-ux-design/data/object-types/templates/button.md","e71ac4211e68622fc16675e321ada94d0ee60e6d9f04c295b23f40c9a01bca46"
"md","comic-book","wds","wds/workflows/6-asset-generation/data/styles/content-styles/comic-book.md","4ba5badc9c5ab3ae980afa32b64c4955ee78dc45d03bd0ec98dbc6d552ebfd0b"
"md","COMPLEXITY-ROUTER","wds","wds/workflows/4-ux-design/data/object-types/COMPLEXITY-ROUTER.md","5500dd5078f20056941707481336adc67084f73f086eacef4d3a56c7ffa1f093"
"md","complexity-detection","wds","wds/workflows/4-ux-design/data/modular-architecture/01-core-concepts/complexity-detection.md","a8b9a4ef9044116f4e0863fc41f18dbdb65c03a09e87abfef470a214c3737557"
"md","complexity-router-workflow","wds","wds/workflows/4-ux-design/data/modular-architecture/02-workflows/complexity-router-workflow.md","116206855658b05c1bc9962a22348a97a57631513d2b7af0b413d9a7d92eecca"
"md","component-boundaries","wds","wds/data/design-system/component-boundaries.md","e27e8eb155f7fc20bd597ec0ae285f8dad7cd780ac700bd8c24a4a0bbf7f1a46"
"md","COMPONENT-FILE-STRUCTURE","wds","wds/workflows/4-ux-design/data/modular-architecture/COMPONENT-FILE-STRUCTURE.md","d769083e363a969f40dc5c75d4a1029c6bd8e3759a097fff4e66355b01715c7d"
"md","component-library-config.template","wds","wds/workflows/7-design-system/templates/component-library-config.template.md","4a2ca297a9084296af62f6b76c900c2109922c44570f0ea6fb5578ef5ab22b1e"
"md","component.template","wds","wds/workflows/7-design-system/templates/component.template.md","7ddda295f496885e4f16d2772d850b12d930f86a672d6b7a331ab58370d67f69"
"md","content-creation","wds","wds/data/agent-guides/freya/content-creation.md","cb38772b9c338e7309a5b5567e086954312d0c9beac92eba8a205e0c57471d49"
"md","content-creation-workshop-guide","wds","wds/workflows/6-asset-generation/data/content-creation-workshop-guide.md","29f2e0346bf48bb9fb287c0ea970a060d43541f72cf10bd818278c03218235a0"
"md","content-language.template","wds","wds/workflows/1-project-brief/templates/content-language.template.md","21f0c6d632ac7d725d991c9a3f8a285ba4e6613dd1bb1de13a388be0cec375f6"
"md","content-output.template","wds","wds/workflows/6-asset-generation/templates/content-output.template.md","45d1241543dddf273debfd17b15bfadfbb30326478011043dcd77090e38156bd"
"md","CONTENT-PLACEMENT-GUIDE","wds","wds/workflows/4-ux-design/data/modular-architecture/CONTENT-PLACEMENT-GUIDE.md","ca4d55d936ebd3e07b0d2a297a9a24c643e49e4bf1579b4c4438b7c9a933cfce"
"md","content-placement-rules","wds","wds/workflows/4-ux-design/data/modular-architecture/01-core-concepts/content-placement-rules.md","88fa9c3864f105e00d8a250585c306249816200b2c972b9db5dc83cb43dff70d"
"md","content-structure-principles","wds","wds/data/agent-guides/saga/content-structure-principles.md","4ece17ff6f59704459f8e7bf074412e46935dad6effb6525c74ed31a5b836620"
"md","context-templates","wds","wds/workflows/8-product-evolution/data/context-templates.md","bc8e03ad55882db15dd73d2d9e226b8666e2927af8b98ae75266de123bdeef92"
"md","contract.template","wds","wds/workflows/1-project-brief/templates/contract.template.md","ad8b7b39a1fdf1b0f17495dc6063123de8579e707ac5c2b416c01531bd6ba88e"
"md","conversational-followups","wds","wds/data/agent-guides/saga/conversational-followups.md","798427f7fe1025ee19c7f0294e5c308dd65b80f59990bfd4a62b700a9366c6db"
"md","corporate","wds","wds/workflows/6-asset-generation/data/styles/design-styles/corporate.md","5a9c27cb3f02d8f3260e9f78edb79e2575e4427a3bfed665352080f0383db39b"
"md","CREATION-GUIDE","wds","wds/workflows/5-agentic-development/data/guides/CREATION-GUIDE.md","459640a1f32a6603a1dafcd9bb80d1529c615c58745026ba262582fefafdcf0e"
"md","CROSS-PAGE-CONSISTENCY","wds","wds/workflows/4-ux-design/data/modular-architecture/CROSS-PAGE-CONSISTENCY.md","1198cd512009ff5bff49b868b351294cb2b494aaabb57ecee160ef3c362f6f6f"
"md","data-api.instructions","wds","wds/workflows/4-ux-design/templates/instructions/data-api.instructions.md","7f600a91fff234a08894641ef504e14b2145280123b014f31ad2f655d0bad730"
"md","decision-tree","wds","wds/workflows/4-ux-design/data/modular-architecture/03-quick-refs/decision-tree.md","02e5ba68cc971ab5f89167b2426c410bb31f9775cac5420833c6a1ed7a51c335"
"md","decisions","wds","wds/workflows/1-project-brief/templates/project-brief-dialog/decisions.md","52cbec8baea34bab0b283cd2053c3e10e00bb223bdbd7e5b3bfa99495bd2664d"
"md","delivery-templates","wds","wds/workflows/4-ux-design/data/delivery-templates.md","cb50f2a5d6065e6f22ba546f643e70c3f6b9068cf622af0e808a9f62e12adfb7"
"md","delivery-templates","wds","wds/workflows/8-product-evolution/data/delivery-templates.md","41e3880eaa4fbda3854283913c864504377eedeea0cd98c26d66ae5f3256e44a"
"md","DESIGN-LOOP-GUIDE","wds","wds/workflows/4-ux-design/data/guides/DESIGN-LOOP-GUIDE.md","1965ae8194a174a1ee772cec8040b1bef4fd5c3268212c97e60f3c86aeb1e0e3"
"md","design-deliveries-guide","wds","wds/workflows/4-ux-design/data/design-deliveries-guide.md","df36f618157cb799ece7ff6bab801855920111baa012708cd1e0e94b413e2ad3"
"md","design-system","wds","wds/data/agent-guides/freya/design-system.md","95f5bb67dd96bf729ceeceb652ce2488a566adfbfd818f29f320d9483be63d51"
"md","design-system-guide","wds","wds/workflows/7-design-system/data/design-system-guide.md","2daae596ef644f348a447b3dea359523ca8cb00eefa501efae9e2f5e696910f6"
"md","design-templates","wds","wds/workflows/8-product-evolution/data/design-templates.md","3f9cda260586928dd9266b0d8491d071165759d62121e0616a54425b3ee3adba"
"md","design-tokens.template","wds","wds/workflows/7-design-system/templates/design-tokens.template.md","11c2ad487c8922b150253053465dd3f09986a7fb039b2b5839951e0b406e61b2"
"md","DEV-MODE-GUIDE","wds","wds/workflows/5-agentic-development/templates/components/DEV-MODE-GUIDE.md","9eaf1aef2dd5ac5aa194ab4e0eec907e7227bb3de3b61871f201d5f0dd4544fd"
"md","diagnostic-report-template","wds","wds/workflows/4-ux-design/templates/diagnostic-report-template.md","452b90dfeac10efe2465d843bd46f6f9aae753f430c108b653911a39c7680a49"
"md","discovery-conversation","wds","wds/data/agent-guides/saga/discovery-conversation.md","6ff7d30b8caf7f2817f0522f942952b08c7be11a51aade6c8ad76ae84e88d24c"
"md","dream-up-approach","wds","wds/data/agent-guides/saga/dream-up-approach.md","587aa8285f530e9202676cf6a9c4ac20bab3dbc04a9709eeeac990a3b8ffec30"
"md","ecommerce-example","wds","wds/workflows/4-ux-design/data/scenario-init/examples/ecommerce-example.md","38854db62f920bc472b86d3299b33b74ce201e20dfffb1267aec228b205eaf2a"
"md","editorial","wds","wds/workflows/6-asset-generation/data/styles/design-styles/editorial.md","b21a9861a7c2b61246701c22fbe83791e7b44dc7d8a478c56bef1303f0c2ec98"
"md","EXECUTION-PRINCIPLES","wds","wds/workflows/5-agentic-development/data/guides/EXECUTION-PRINCIPLES.md","22f4f655f684b465c36eb72dd70c204615c14a159ae5f925a40c21f2f49b59f8"
"md","existing-product-guide","wds","wds/workflows/8-product-evolution/data/existing-product-guide.md","2941657588bfaf55eaaaa1f415d0df16323c0a403d8d1d845ffd2b02fc3256de"
"md","feature-impact.template","wds","wds/workflows/2-trigger-mapping/templates/feature-impact.template.md","6a11ed2675f84a8a16ecae852423f6da94bc7f0dcc0e8f9d86c2c07b6d519444"
"md","FEEDBACK-PROTOCOL","wds","wds/workflows/5-agentic-development/data/guides/FEEDBACK-PROTOCOL.md","2506c1c9c3e49bf60e1c1d23bf5c8bef4ad9068df5ed23f5e9330db6b6e46cfd"
"md","FILE-INDEX","wds","wds/workflows/5-agentic-development/data/guides/FILE-INDEX.md","6b094970680e5bde77a2e74691da926af2f68da51d63b5333a2c3b4dc0cb8456"
"md","figma-component-structure","wds","wds/data/design-system/figma-component-structure.md","4585a26028ffbe9e554dfae27d2800be0dff0c715475e09a473c8586e0b595cf"
"md","figma-designer-guide","wds","wds/workflows/6-asset-generation/data/figma-designer-guide.md","db13e7e9f3f6eb85fa925bcbf15bc9d3abae0af514c9b11c978eef59407e568f"
"md","figma-integration-guide","wds","wds/workflows/6-asset-generation/data/figma-integration-guide.md","3b79ecbf0e1ef1979a8b306e42053e78a528f4590af3252a138df5c30074b266"
"md","figma-integration-summary","wds","wds/workflows/6-asset-generation/data/figma-integration-summary.md","955241339cb910427bc5c5d9475fff988b662e4b8c71633924f37644dcae740f"
"md","figma-mcp-integration","wds","wds/workflows/6-asset-generation/data/figma-mcp-integration.md","d1537243a614dac4899a37209c9999773410db5a022658dea82b0652efbba14b"
"md","figma-plugin-setup","wds","wds/workflows/6-asset-generation/data/figma-plugin-setup.md","ed51e625145ee803fac3d85469a8094e555f2c907e7e009368eaf3bd0a208fb3"
"md","figma-spec-preparation","wds","wds/workflows/6-asset-generation/data/figma-spec-preparation.md","536c37f46510a1a424c2822e07d6d4de8aa29257debcad16449413b5dde27c5d"
"md","flat-design","wds","wds/workflows/6-asset-generation/data/styles/content-styles/flat-design.md","6f0c6eace0b88a41f50853a1bf376c98c29ad458a1791fd167feb01e8197996c"
"md","flow-a-sketch","wds","wds/workflows/4-ux-design/data/page-creation-flows/flow-a-sketch.md","0231a9f23eeef51ff50e909df2bd1424be6041922c1548b88c8b80c9aa1611ea"
"md","flow-b-verbal","wds","wds/workflows/4-ux-design/data/page-creation-flows/flow-b-verbal.md","1a7a2842cca2ddcf91f232cf6598caf4a3e24719a0b15acda95cf7038aa73ce5"
"md","flow-c-ascii","wds","wds/workflows/4-ux-design/data/page-creation-flows/flow-c-ascii.md","0216497a19b0f682de619cab7756a3619ac747fb0621514db696a746460f1b86"
"md","flow-d-reference","wds","wds/workflows/4-ux-design/data/page-creation-flows/flow-d-reference.md","e29e08df82301781906860d5fbcd6a64d087872b313ff66d331892500f0205b4"
"md","flow-e-html","wds","wds/workflows/4-ux-design/data/page-creation-flows/flow-e-html.md","0e6319ebbf921d7a685367c533619db6e23601d46bd01ece8b0ed658b64ec71c"
"md","form-validation.instructions","wds","wds/workflows/4-ux-design/templates/instructions/form-validation.instructions.md","8508f0f575c15beb96c2a81d168fcd5267fe8c95f4f52bf752bfb30b9a575245"
"md","freya-how-i-help","wds","wds/data/presentations/freya-how-i-help.md","7202e7809a8443db46694bad6f09fc1520873c70d3d94b7633a84d355be747e3"
"md","freya-intro","wds","wds/data/presentations/freya-intro.md","06efa8287505aeadc29fbd787aeac2f0ce76cb93fd8e80315322dfa460b53212"
"md","freya-presentation","wds","wds/data/presentations/freya-presentation.md","e34452aba26d3506264fc5c100694b60b1dc6609de605cdf7fa7c45aef71cfae"
"md","freya-workflows-guide","wds","wds/data/presentations/freya-workflows-guide.md","df4212468adb10d3070cd59b94fd525a76f31db7c88497e9197d2dc5e8b84b4d"
"md","freya.activation","wds","wds/skills/freya.activation.md","8f4eea614f429f047ed862e700fe279f353a26f01be5661a7f81e11ea938b30e"
"md","handoff-dialog-scripts","wds","wds/workflows/4-ux-design/data/handoff-dialog-scripts.md","e3056dc9b3823a833cb63f084d669de7bcfcd5935b3f04475d09cc2102e5901e"
"md","heading-text","wds","wds/workflows/4-ux-design/data/object-types/templates/heading-text.md","46f96a30ee8f237a64f5f6ea697b64cc3ee18213a742874dbe55ea1f4671a333"
"md","HTML-VS-VISUAL-STYLES","wds","wds/workflows/4-ux-design/data/guides/HTML-VS-VISUAL-STYLES.md","f4f19a45a7815ba310aa594591323cb57da2b6f05678381958cba789f4310a38"
"md","hyper-realistic","wds","wds/workflows/6-asset-generation/data/styles/content-styles/hyper-realistic.md","90ed4eec17b0defe005ff2c0bfc7da3dd0f6dd7ff35c3e57f35a3c7a91146afc"
"md","INLINE-TESTING-GUIDE","wds","wds/workflows/5-agentic-development/data/guides/INLINE-TESTING-GUIDE.md","bc5001a82c6ad66368fd6f432673afff9b75d00654c462dd35a1af71aa0ca2c0"
"md","illustration","wds","wds/workflows/6-asset-generation/data/styles/content-styles/illustration.md","787083167408042842d9233843c0d86ec49cc49e63b97361d70fc0a8838ff08d"
"md","image","wds","wds/workflows/4-ux-design/data/object-types/templates/image.md","fb8aebd1a4e578a87f4b6b32b1ebb9ad580d098175d674da09a000c1921ef16b"
"md","inspiration-analysis","wds","wds/data/agent-guides/saga/inspiration-analysis.md","a23f65059825f6448f508aecae6be9d68e7e960a03bdff28769aa8c77fc020fd"
"md","inspiration-analysis.template","wds","wds/workflows/1-project-brief/templates/inspiration-analysis.template.md","ef68be6a15544b444d7bda7ab11625e665aa53f365c46fafb8569b333424cf57"
"md","isometric","wds","wds/workflows/6-asset-generation/data/styles/content-styles/isometric.md","bf1e93d6ff38281128777f2c828c97894a7ab64d686cf07deb6e1e3973868176"
"md","issue-templates","wds","wds/workflows/5-agentic-development/data/issue-templates.md","781673530b702b694dae3a71f276e585326b86f4eff64c883f568658a04c7f61"
"md","kaizen-iteration-guide","wds","wds/workflows/8-product-evolution/data/kaizen-iteration-guide.md","83793aefe79a13f9360255c891118fcc8964a431c6162d0deb643b0f2a96d304"
"md","kaizen-principles","wds","wds/workflows/8-product-evolution/data/kaizen-principles.md","88722332fc3409ef0f6138c22f951a954eee81c95183bb1ae8bf8aa46ea47bf6"
"md","key-insights-structure","wds","wds/workflows/2-trigger-mapping/data/key-insights-structure.md","340f0068fcea039fc04b99ee0322a382536d2534de830cbe14ac4d0d72f3267b"
"md","lightweight-page-template","wds","wds/workflows/4-ux-design/data/page-creation-flows/lightweight-page-template.md","c22b2a3a9657ca03900a53f389325930c8e5e32f1966515186a5e2d445a9b898"
"md","line-art","wds","wds/workflows/6-asset-generation/data/styles/content-styles/line-art.md","b17b6fafdd60c188e03c2671f138df296ac08c1894485097d0d217d66b95bc72"
"md","link","wds","wds/workflows/4-ux-design/data/object-types/templates/link.md","07c88cc7f0b080eb824d521ce1645a7de48790582499dcd0ca7e6c378a8ce51e"
"md","mcp-server-integration","wds","wds/workflows/6-asset-generation/data/mcp-server-integration.md","6ddc9d852ef289bdc22742bb891eeae68de6812d8474c82e06951f50b4f0aeae"
"md","mermaid-formatting-guide","wds","wds/workflows/2-trigger-mapping/data/mermaid-formatting-guide.md","280607347758c280e1cae1469b3fd89063122f387d15fb9948b0c6484108b37d"
"md","meta-content-guide","wds","wds/data/agent-guides/freya/meta-content-guide.md","71cb4d9630ae146207104f65f6c68980a0c996809722a4cc94a41734694ff1bb"
"md","meta-content.instructions","wds","wds/workflows/4-ux-design/templates/instructions/meta-content.instructions.md","7cffed6e10df1d55bf328c3bf35362fc7700c95768e10d2bd7fd944d0909419b"
"md","mimir-agents-overview","wds","wds/data/presentations/mimir-agents-overview.md","ab309d46ccfc3364c8cda6d606dce39ac4a7edd2739ee7eb24fd798bc6f2b921"
"md","mimir-tone-setting","wds","wds/data/presentations/mimir-tone-setting.md","7995a6dc65d3472968b37c9395def3a1eb7c8125aaa04545f416267357446bb1"
"md","minimal","wds","wds/workflows/6-asset-generation/data/styles/design-styles/minimal.md","05b7d2e0c274ea160fd36abbdbdf0d45f91a0386f9e99a1732e6974c7efbf400"
"md","monitoring-guide","wds","wds/workflows/8-product-evolution/data/monitoring-guide.md","0b6a7f9336e148b361a1dcaef6259d6ad9125bfc7f193011dd523a4fd48f5380"
"md","monitoring-templates","wds","wds/workflows/8-product-evolution/data/monitoring-templates.md","460c1c75af12867d0f7136d455abdda6454a6587efb39efb867d46fdc2ee73ad"
"md","naming-conventions","wds","wds/data/design-system/naming-conventions.md","192bcaaec39ed791a0e4694427ac9c4bdcf0f41128fcff8169f352497a15124a"
"md","NANO-BANANA-PROMPT-GUIDE","wds","wds/workflows/4-ux-design/data/guides/NANO-BANANA-PROMPT-GUIDE.md","43b06a773f1ee7710306b37a610edea4bec1af2d2ec75ace20903b86359f5980"
"md","object-router","wds","wds/workflows/4-ux-design/data/object-types/object-router.md","e04353ff96c4054169b64cfc842c51f4e9b8ecd0dc180a048692119bbbadfa4c"
"md","open-questions.instructions","wds","wds/workflows/4-ux-design/templates/instructions/open-questions.instructions.md","f6e9c6c71064313fad03f93cd6b7b60aa1a26534e3c8168d0875358e2087aa63"
"md","organic","wds","wds/workflows/6-asset-generation/data/styles/design-styles/organic.md","ac16179226b9419980c22d797e69a9989ec1663ac2f10ceb2055392c83e9d3bf"
"md","page-init-lightweight","wds","wds/workflows/4-ux-design/data/page-creation-flows/page-init-lightweight.md","c986a50ac941d59a3d56a3f1fb196f6ee7187f7f894c42f0d65aa403fa92abef"
"md","page-process-templates","wds","wds/workflows/4-ux-design/data/page-creation-flows/page-process-templates.md","73e97580263bdc45d9014dde89b49edff69f8c5bbb29972951fb34b0447120d6"
"md","page-specification-workflow","wds","wds/workflows/4-ux-design/data/modular-architecture/02-workflows/page-specification-workflow.md","68aa17f7929c1f9c1216c7fc97a6cef05f448fb3e7b861f321e98b6bee01b793"
"md","page-specification.template","wds","wds/workflows/4-ux-design/templates/page-specification.template.md","726698525fd7eaba3672f0827d8bd11231742b44a3cd60ef2082e631244d3fc7"
"md","pencil-sketch","wds","wds/workflows/6-asset-generation/data/styles/content-styles/pencil-sketch.md","04b1655338765e46bd80cef985df9f815cec02d9b9b24eef139032909c6856d4"
"md","persona-document.template","wds","wds/workflows/2-trigger-mapping/templates/persona-document.template.md","8a7e3ee65b9363786b654d5d0c71d3bc98fff4373c3f2582c979a84cd4d12e65"
"md","photorealistic","wds","wds/workflows/6-asset-generation/data/styles/content-styles/photorealistic.md","1204091ef4e40b06a1ba0a110061eb9ecffe2af6f16eb00f2e6898291ccd9665"
"md","pitch.template","wds","wds/workflows/1-project-brief/templates/pitch.template.md","aa58bf4d2a116a4f10620bdacaabc09db1a1b152d44b4ab211dcba7ba5cc08f2"
"md","placeholder-templates","wds","wds/workflows/4-ux-design/data/page-creation-flows/placeholder-templates.md","0848ceb30a4082a26e2820202def4d22e6c533f353c568465553833114a885cd"
"md","platform-requirements.template","wds","wds/workflows/1-project-brief/templates/platform-requirements.template.md","39f4813bbb2c7751197b8ae75fa041c2a0afde75b86f5cb674aae9eecedfc160"
"md","playful","wds","wds/workflows/6-asset-generation/data/styles/design-styles/playful.md","2efbc4844edae0c1cf615389c058aeb29c85857bccceb62f1ea580567c5be097"
"md","positioning-explore","wds","wds/workflows/1-project-brief/data/positioning-explore.md","e0283d3fdfb1d30b440722bed8d9b9db543da60bd134861bc81d77c18598ba7f"
"md","positioning-open-conversation","wds","wds/workflows/1-project-brief/data/positioning-open-conversation.md","75a5f2d41a615fd993f529921b8d4a8a591ba11443877c97f2cfb97a578a303f"
"md","positioning-reflect-confirm","wds","wds/workflows/1-project-brief/data/positioning-reflect-confirm.md","c8ceb6ae960613b17b40489753d799e7ca061a1676abbf92f253f3f2145bd308"
"md","positioning-synthesize","wds","wds/workflows/1-project-brief/data/positioning-synthesize.md","572c92303da0c6165cf7135e702778934c7c2f3197f7ba3dfb850ddd21f25860"
"md","progress-tracker","wds","wds/workflows/1-project-brief/templates/project-brief-dialog/progress-tracker.md","16b021903eae7d4f9c5d5e84001cbe5ecd53414a1619cd3c6b2779b483e12210"
"md","project-brief.template","wds","wds/workflows/1-project-brief/templates/project-brief.template.md","5052c62a08943ed858b1e016985099aeba68f55262ddd1ab5b8b96ca74e272d2"
"md","PROTOTYPE-ANALYSIS","wds","wds/workflows/5-agentic-development/data/guides/PROTOTYPE-ANALYSIS.md","a98edc9319a42fb610844234b8f5037e7802e325258cac3cc3eb54919f19ca0f"
"md","PROTOTYPE-INITIATION-DIALOG","wds","wds/workflows/5-agentic-development/data/guides/PROTOTYPE-INITIATION-DIALOG.md","5c56a84de56eaa1d88e49b567b2a0b0a7218b2aab8a70bf490b2c2362909961d"
"md","PROTOTYPE-ROADMAP-template","wds","wds/workflows/5-agentic-development/templates/PROTOTYPE-ROADMAP-template.md","fada0358990724aa8b576b4e5a4f1867e4bf5b852d46bd3483d701d08eb3abf2"
"md","prototype-to-figma-workflow","wds","wds/workflows/6-asset-generation/data/prototype-to-figma-workflow.md","b1bc358f62a9c0e6bba26a112f2fa512bf29921c69cdc116a1261896d1487da4"
"md","quality-checklist","wds","wds/workflows/2-trigger-mapping/data/quality-checklist.md","cd709cb65614e5b19a08e38e8ba46d4ab6b3e0d16c6d177b4f222a8019873bab"
"md","quality-checklist","wds","wds/workflows/3-scenarios/data/quality-checklist.md","d3459f448fc26f92ad1a01ce2fea50e41033f8a1735de7b8ee4557186606b4b2"
"md","quality-guide","wds","wds/workflows/4-ux-design/data/quality-guide.md","0c63466e5a2cffe8605dca9a690d035132027c1364341e910ad6e3bcca060836"
"md","responsive.instructions","wds","wds/workflows/4-ux-design/templates/instructions/responsive.instructions.md","63ab0941e0314c499eccfd7c048b7537c8a84a31d8127fb6340f82ab30ec19b3"
"md","ROUTER-FLOW-DIAGRAM","wds","wds/workflows/4-ux-design/data/object-types/ROUTER-FLOW-DIAGRAM.md","033909ee2ad1fa8fe0c4e825624fe60a46e14af545e1cc0a64549fd5113f8338"
"md","saas-example","wds","wds/workflows/4-ux-design/data/scenario-init/examples/saas-example.md","93716dc0ada6bf304e29b401eea3b8fcd07b195f4d6ba6478a22476a75c61a06"
"md","saga-how-i-help","wds","wds/data/presentations/saga-how-i-help.md","d60fff09336347977b4e463fcf637a0dc3bbd705c56ec1e3941a9ee498f2ad9b"
"md","saga-intro","wds","wds/data/presentations/saga-intro.md","e3db8f42c1b45ed0f8e8a0a6fb05b14e14a75d3d35b1c1a5f99b7823b60d3e37"
"md","saga-presentation","wds","wds/data/presentations/saga-presentation.md","074c786c0131a31e5a91d79b98506e81123ed2a188261848d581acc816239672"
"md","saga-workflows-guide","wds","wds/data/presentations/saga-workflows-guide.md","90865b7cdb5579824a970cfaa1ce75f28a91f3813b6bb42338e4e1dc5b7f96c6"
"md","saga.activation","wds","wds/skills/saga.activation.md","f5692c9e8f51dfbf2395ef9290ba87a3ebf3a811da3cdecb8c83fc0e1781e083"
"md","scenario-init-dialog","wds","wds/workflows/4-ux-design/data/scenario-init/scenario-init-dialog.md","db00bf146be77f85bdaf9fbb2b98bcf0c53db1e606340e92af203ae333e4edb7"
"md","scenario-init-guide","wds","wds/workflows/4-ux-design/data/scenario-init/scenario-init-guide.md","d2b12812e26876db923df7bcdc55c9e568b9a682becc3e6c41c9149292cc69ae"
"md","scenario-init-process","wds","wds/workflows/4-ux-design/data/scenario-init/scenario-init-process.md","54919d09f059f040227a003f30156d708d54a6d2cfc578d514147b55cc5ef61b"
"md","scenario-outline-template","wds","wds/workflows/3-scenarios/data/scenario-outline-template.md","28984a74be7ba7caafcb87bc5a9db7c78e5a30a242ac2873bd6e2bb0cf05da92"
"md","scenario-overview.template","wds","wds/workflows/4-ux-design/templates/scenario-overview.template.md","5805c6b0c9f2f78399ce3f19efd52be713feae1ff5f7fd9a44426535f40139f8"
"md","seo-content.instructions","wds","wds/workflows/4-ux-design/templates/instructions/seo-content.instructions.md","23b6880a8db3bc93646c89be01f5772fb11f84e4d6dd15fff8dcc01c8fba32c2"
"md","seo-strategy-guide","wds","wds/data/agent-guides/saga/seo-strategy-guide.md","05340f0594626f2438588cd4f2f82249392e34a46425fbf54068e6ff06a9ae19"
"md","SEO-VALIDATION-GUIDE","wds","wds/workflows/5-agentic-development/data/guides/SEO-VALIDATION-GUIDE.md","2ec4433e869093c445d4a98757d01f0b3c72b6cd0355410b59739d7742a14504"
"md","service-agreement.template","wds","wds/workflows/1-project-brief/templates/service-agreement.template.md","8dc8a43a2a272ebdf5f871aa3a15f560d8947754b3f5ba4f36e0d1d119cac33a"
"md","SESSION-PROTOCOL","wds","wds/workflows/5-agentic-development/data/guides/SESSION-PROTOCOL.md","2da53f961f976d32c1fc3d52ea244bb9ca62d68dd8990a2b76c19cf20470a07d"
"md","signoff.template","wds","wds/workflows/1-project-brief/templates/signoff.template.md","cb068c880cc425444ab4ecad2a4404a020a431deddee27c7ab890e3c4229bd9e"
"md","simplified-brief.template","wds","wds/workflows/1-project-brief/templates/simplified-brief.template.md","5477242fe3ad6c2c0baae0fe7f38dba7a4b52d8a3d64500949cc975a14540ecb"
"md","SKETCH-TEXT-ANALYSIS-GUIDE","wds","wds/workflows/4-ux-design/data/guides/SKETCH-TEXT-ANALYSIS-GUIDE.md","044b6fc8e9f4b30c837db46a829fdf3db14c6dd80944b032158761219345803a"
"md","SKETCH-TEXT-QUICK-REFERENCE","wds","wds/workflows/4-ux-design/data/guides/SKETCH-TEXT-QUICK-REFERENCE.md","920219dd8fb244a6577457e6b9cb9d7ed7a8b22d22d3eb9a87d0ae3339ab79c2"
"md","specification-audit-workflow","wds","wds/workflows/4-ux-design/data/specification-audit-workflow.md","64ccf85be64eac3d40cfd1a2483b2059520e3ff99ce9e403893a1429a5109935"
"md","specification-quality","wds","wds/data/agent-guides/freya/specification-quality.md","2928de1f6475e7c8e4ddfe32c9d85119bbaad2c2d2effeb1411171f990fffe15"
"md","state-management","wds","wds/data/design-system/state-management.md","0c78bb1bd987c7de68b394d35290ce88f512bcd93099c03f9b6572edf50b2106"
"md","step-00-define-purpose","wds","wds/workflows/6-asset-generation/steps-c/step-00-define-purpose.md","d1fe599de620257ab1ddab708b248bf56965c6d7e3d65f1abc5cfb885dd50e3f"
"md","step-00-nb-setup","wds","wds/workflows/4-ux-design/steps-w/step-00-nb-setup.md","efe28dbf7c61cb4afe734c2737bc6982d7602fbd417282b2a686ad837f89cc47"
"md","step-00-simplified-brief","wds","wds/workflows/1-project-brief/steps-c/step-00-simplified-brief.md","b28c5190f3298c1292ef0f2cde87debce2880f1c1bbfa5b871dd732aca0d3f44"
"md","step-00a-documentation-synthesis","wds","wds/workflows/2-trigger-mapping/steps-c/step-00a-documentation-synthesis.md","d1e52430c5e5d91a642b102729922398a9220ebc2ea521c54f56f90d320ee583"
"md","step-00b-business-goals-extract","wds","wds/workflows/2-trigger-mapping/steps-c/step-00b-business-goals-extract.md","0db4880c764469beb21e88a2f9cab26398299700397f7b2d10bdc016fcd4e7f4"
"md","step-00c-target-groups-extract","wds","wds/workflows/2-trigger-mapping/steps-c/step-00c-target-groups-extract.md","16088670ccbd81c5600214da94d44a4d804f3b9ecd0e1daa6e5aebbb15d6f3d5"
"md","step-00d-driving-forces-extract","wds","wds/workflows/2-trigger-mapping/steps-c/step-00d-driving-forces-extract.md","98c993980ec72e77463d2a116c3f9cd0c6390b78583df74047cd77ffb7853435"
"md","step-00e-prioritization-extract","wds","wds/workflows/2-trigger-mapping/steps-c/step-00e-prioritization-extract.md","f21878bdf9528dbc9cab0a04cab2d5637bd0469490e24a8cb012d3a3df14427f"
"md","step-00f-gap-analysis","wds","wds/workflows/2-trigger-mapping/steps-c/step-00f-gap-analysis.md","06f5fc871cdc2ddc9d5381971b2f223408d5f8d300044127fe534b3c1b8261b4"
"md","step-01-brief-completeness","wds","wds/workflows/1-project-brief/steps-v/step-01-brief-completeness.md","16313ec8e9e289ddbd6e5a4bcd2aca6576fdd11f05103fdf6f58da6f2bb5872f"
"md","step-01-connection-check","wds","wds/workflows/6-asset-generation/steps-f/step-01-connection-check.md","89f33eb519c9d208470aca6879eab55f1cc32421065ad0bab8a4fe382588cdc2"
"md","step-01-core-feature","wds","wds/workflows/4-ux-design/steps-s/step-01-core-feature.md","4da85e5bdbf299ff03ed348e2096b273f311ec18ee8763bacb23b38eedec7398"
"md","step-01-create-delivery","wds","wds/workflows/8-product-evolution/steps-p/step-01-create-delivery.md","d1ffc85f211d658974d21514b600213d7df545452a2f022df6b8b69d34dd3486"
"md","step-01-define-question","wds","wds/workflows/5-agentic-development/steps-a/step-01-define-question.md","b515e1f42e8d74b95d206840218ccd04c44b111d6199be6af11e4604a9bf4d50"
"md","step-01-design-update","wds","wds/workflows/8-product-evolution/steps-d/step-01-design-update.md","adf45d32e5477bb303d9eef3b5865afe0087d7f677fa0863144077b383a5b7b3"
"md","step-01-detect-completion","wds","wds/workflows/4-ux-design/steps-h/step-01-detect-completion.md","29c3971bb30ee742aad0d558cfb3e11e96d35204a0b3e5a0963bf56cfd4b6988"
"md","step-01-exploration","wds","wds/workflows/4-ux-design/steps-c/step-01-exploration.md","ec61281f96ee88c45f15c8fb78ca4e91ccfeafe0abda0dda684c99e4f43ed5b8"
"md","step-01-identify","wds","wds/workflows/8-product-evolution/steps-a/step-01-identify.md","53eee54a1523af17001109e3d880bec2d57a0210bbb92226ea1e1210e1d71dea"
"md","step-01-identify-target","wds","wds/workflows/5-agentic-development/steps-r/step-01-identify-target.md","3bd27110617ac61ce2d3582c0fb243105ec7f65d6c7b492620338baf065cdca8"
"md","step-01-init","wds","wds/workflows/1-project-brief/steps-c/step-01-init.md","ff5fd07df10ea796250ecbadeee62cc0bbcb32c92b1ad53c203f51014f046c5e"
"md","step-01-load-context","wds","wds/workflows/3-scenarios/steps-c/step-01-load-context.md","c5158243912ed444dd5007cef3a317177d34220c8f3dcb514707a99e8957eb22"
"md","step-01-load-context","wds","wds/workflows/6-asset-generation/steps-i/step-01-load-context.md","bf7ae19d929376bd36149bec9bb8ea12a26973482453bdddbcd887e582371f2b"
"md","step-01-load-context","wds","wds/workflows/6-asset-generation/steps-m/step-01-load-context.md","f8a472d04c5d6c73eb735a5d1bc8c928884c04ad96244614cd1bb9b1feadbf28"
"md","step-01-load-context","wds","wds/workflows/6-asset-generation/steps-p/step-01-load-context.md","9bddb5797a60897f1b7c6736928fb7e138ffc5d842a2bc7a81ce319c9779cc6c"
"md","step-01-load-context","wds","wds/workflows/6-asset-generation/steps-u/step-01-load-context.md","52f9a52720415b5aa37fb87204a1b81b0c141066bd083df4b1c5631021b99085"
"md","step-01-load-context","wds","wds/workflows/6-asset-generation/steps-v/step-01-load-context.md","514eb072882de74be3ed6918383c596d061618e3e326e741aa5412d1b6d49a29"
"md","step-01-load-context","wds","wds/workflows/6-asset-generation/steps-w/step-01-load-context.md","f2a8ad545869183d80e3faa3bc79e1a3acb5ea696473b36465f14f0b421abc5d"
"md","step-01-load-trigger-map-context","wds","wds/workflows/6-asset-generation/steps-c/step-01-load-trigger-map-context.md","30152d1f4acd960946e29190f70003421cc0d3f7b606801bdcc86a943a36ecdc"
"md","step-01-overview","wds","wds/workflows/2-trigger-mapping/steps-c/step-01-overview.md","3d52edc17b4d273dcdd8fdc58d130dd4cc8452e199b17575a94213af3ba2bf83"
"md","step-01-page-basics","wds","wds/workflows/4-ux-design/steps-p/step-01-page-basics.md","a5ba5704cc2ed4549f6603e1a0b36888a930c66df85be60f2b0d10218b67093e"
"md","step-01-page-metadata","wds","wds/workflows/4-ux-design/steps-v/step-01-page-metadata.md","ba3dd47d5a5f935c8b8c05db94eb8f854cec0e5732e9b1808df1f6e4c37e5cbb"
"md","step-01-prepare","wds","wds/workflows/5-agentic-development/steps-t/step-01-prepare.md","e3033d1566a2bd792755c44dfc7893d7bec270090ff23940466841c0145df2da"
"md","step-01-reproduce","wds","wds/workflows/5-agentic-development/steps-f/step-01-reproduce.md","4744d27fbf928453892c3cd6db56a57cda71619e40be669cf156adfb95bdccb0"
"md","step-01-review-current","wds","wds/workflows/4-ux-design/steps-m/step-01-review-current.md","1b37edfd10378a7596e52a3c6a77c566551d289ef5f9f31d7b4a6442b7ea0050"
"md","step-01-scan-existing","wds","wds/workflows/7-design-system/steps-c/step-01-scan-existing.md","c5679a93a5a54782a2122789453860529b0a34b4c0a60aff42606d284e5d9cca"
"md","step-01-scenario-coverage","wds","wds/workflows/3-scenarios/steps-v/step-01-scenario-coverage.md","455d8dd3b20bd033d42ab61e5c06c4cf67d39f251eac45f538433c114917fd70"
"md","step-01-scope-and-plan","wds","wds/workflows/5-agentic-development/steps-d/step-01-scope-and-plan.md","629e4425de37724f90c28a28c05ecf6bb59bce99d6927f3113225e8a6c34fd41"
"md","step-01-scope-change","wds","wds/workflows/5-agentic-development/steps-e/step-01-scope-change.md","ebd73f00e361a3a16255c03e70e098c9d55f1c31ddd3c51073fa9cc63892c1bb"
"md","step-01-sketch-analysis","wds","wds/workflows/4-ux-design/steps-k/step-01-sketch-analysis.md","d383f5ab5ce57c8e3fde49cec4b5cdf1d520f83ed93913cf519c26334f3274f7"
"md","step-01-target-group-coverage","wds","wds/workflows/2-trigger-mapping/steps-v/step-01-target-group-coverage.md","2b8e55de3dc29dedaf8908f57e4db665d0234d57af6f41764599505944e19f27"
"md","step-01-validate","wds","wds/workflows/8-product-evolution/steps-t/step-01-validate.md","57bc3645d7ce4feb27dfcf0191ec29e0173092db22aadcf32e4d4af292a14f6b"
"md","step-01-visual-approach","wds","wds/workflows/4-ux-design/steps-w/step-01-visual-approach.md","cb72a7e48932db5c635741886396edf98f4300e3f3441a1a07fa7e509c15e33f"
"md","step-01-welcome","wds","wds/workflows/0-project-setup/steps/step-01-welcome.md","37f39975b1b25576998ba3f956a4e8eeba1f8125a71097fded42681c08177319"
"md","step-01a-understand-situation","wds","wds/workflows/0-alignment-signoff/steps-c/step-01a-understand-situation.md","afc18e8ead89bdf3477dc603633f1d035e9a1a219e2461e10347d4ad4217f36b"
"md","step-01b-determine-if-needed","wds","wds/workflows/0-alignment-signoff/steps-c/step-01b-determine-if-needed.md","b76b66f1b38be8d319cb8de08be60083e212f7b9b37eebb38b76960de250d643"
"md","step-01c-offer-extract","wds","wds/workflows/0-alignment-signoff/steps-c/step-01c-offer-extract.md","b143c573a8d016e8df1592df09d2e52167bb4b4bfe0b654593591762adebe2c0"
"md","step-01d-extract-info","wds","wds/workflows/0-alignment-signoff/steps-c/step-01d-extract-info.md","a2c879fe9c78c6fe8e75fee986adc6ef6ca8a118973c01de3b09bea0cc090398"
"md","step-01e-detect-starting-point","wds","wds/workflows/0-alignment-signoff/steps-c/step-01e-detect-starting-point.md","aca46c010e353ceb5c7fd592ed1bdb8d1d32598ed4bb8d1a2630b902405400b9"
"md","step-02-analyze-impact","wds","wds/workflows/5-agentic-development/steps-e/step-02-analyze-impact.md","37e834b094d2e88b0f3d9a0e9728537d67446bc4e42e534b7563cbe2fef1a4b1"
"md","step-02-analyze-scope","wds","wds/workflows/3-scenarios/steps-c/step-02-analyze-scope.md","56a8ab9df2a590de8ea2a3e226a87803b540134252fc7ab92149b475ecffefcd"
"md","step-02-awareness-strategy","wds","wds/workflows/6-asset-generation/steps-c/step-02-awareness-strategy.md","5c4f21b9fbefec47b3c05aaa82a96bb3e928f96f8b4a8c14b76926f5d2c8db83"
"md","step-02-business-goals","wds","wds/workflows/2-trigger-mapping/steps-c/step-02-business-goals.md","32183462d7429dbce8ffdb9d16da6195d379f80283f334883b02b9f3051ffd6a"
"md","step-02-compare-attributes","wds","wds/workflows/7-design-system/steps-c/step-02-compare-attributes.md","5a47ea7e3eed5c881fc246d23f0cef3745485b81add31272a03ab5999ecf98af"
"md","step-02-create-delivery","wds","wds/workflows/4-ux-design/steps-h/step-02-create-delivery.md","d783c3916dbbe61c60b40bcc6c3173ce31dc631775c83ff6e15be3228b5c8a2d"
"md","step-02-define-component","wds","wds/workflows/4-ux-design/steps-m/step-02-define-component.md","e96bc4994cef2c7968f2708b1e3fa5e66bcade264aaea498cd29f5bdbe79647b"
"md","step-02-entry-point","wds","wds/workflows/4-ux-design/steps-s/step-02-entry-point.md","e724d6c3ed24786199f875a7ee42704050ceee189d97c5ba3b67e1fb5e7559e3"
"md","step-02-execute","wds","wds/workflows/5-agentic-development/steps-t/step-02-execute.md","afa1e6f9b0f7b098d729238b52549e052003f319a88891292f755a5861c50198"
"md","step-02-explore-and-capture","wds","wds/workflows/5-agentic-development/steps-r/step-02-explore-and-capture.md","fd5fee53e007f44d735266e5090c4854d8e1514d866f0a93763f117dd918fe30"
"md","step-02-gather-context","wds","wds/workflows/8-product-evolution/steps-a/step-02-gather-context.md","4caba72e3ada8fe8e868afc1a3dfa5694f1ffe9ab61d47f8af3663da174ba00c"
"md","step-02-generate-visual","wds","wds/workflows/4-ux-design/steps-w/step-02-generate-visual.md","039b999e37602d6a0f126b1fb04b68084894de79eaa4e25d4640e861fc67c0ff"
"md","step-02-hand-off","wds","wds/workflows/8-product-evolution/steps-p/step-02-hand-off.md","93318e47e6204ccf639ad5170cfd896fceafb34882c0b0ca21be88e9646c0bef"
"md","step-02-identify-export-type","wds","wds/workflows/6-asset-generation/steps-f/step-02-identify-export-type.md","49becefe6a6f82b62789c7ec1eda37ddf8f6c37fcce9f241b7ea8f0ebe1a6553"
"md","step-02-inventory","wds","wds/workflows/6-asset-generation/steps-i/step-02-inventory.md","6d6c63df60db8297d57d59f63d5a1597ac2b913e7cfc736d9d3aa57764e34c22"
"md","step-02-inventory","wds","wds/workflows/6-asset-generation/steps-m/step-02-inventory.md","be261341638479d312249e5c1035af62176a0b482e667e417b7dcce6d4e45494"
"md","step-02-inventory","wds","wds/workflows/6-asset-generation/steps-p/step-02-inventory.md","e4d483584caa2c463d52af6a7b8006af9e4119eb3bd840be4f25428e75fc96de"
"md","step-02-inventory","wds","wds/workflows/6-asset-generation/steps-u/step-02-inventory.md","43bb7b18ef39d7b3da3b18a36ef3e208750b21013303551ccf9ed1e10c27864e"
"md","step-02-inventory","wds","wds/workflows/6-asset-generation/steps-v/step-02-inventory.md","74a20d6837a2f8f8f22d597f70ea667e54eb029da4651c0009030de9771a9b28"
"md","step-02-inventory","wds","wds/workflows/6-asset-generation/steps-w/step-02-inventory.md","d9c28a5dfd6933f541e35732e4fa8a914aab3fcdc1210a0590e0ff66a027aac3"
"md","step-02-investigate","wds","wds/workflows/5-agentic-development/steps-f/step-02-investigate.md","6337ffb0e307aba6c407378eaae15d3fd7865b351a9b91e821b4e7bf1914a244"
"md","step-02-layout-sections","wds","wds/workflows/4-ux-design/steps-p/step-02-layout-sections.md","f63c7ac2163480a736c51978c5fbf91c543f026ae44ec4fb0319494b15241572"
"md","step-02-navigation","wds","wds/workflows/4-ux-design/steps-v/step-02-navigation.md","a655f53a5cf7dc25570fde193ca595dda59de47bce916f92e72042974a058f36"
"md","step-02-navigation-patterns","wds","wds/workflows/3-scenarios/steps-v/step-02-navigation-patterns.md","a08766e2b31b472fc7436862c4087f775a20731c0df0fadb6e7f674b76d2cad7"
"md","step-02-prioritization-integrity","wds","wds/workflows/2-trigger-mapping/steps-v/step-02-prioritization-integrity.md","9021cdb6e355b70414b440af84276be64c040f1d70f389795ab5fa47f4ebf348"
"md","step-02-scan-codebase","wds","wds/workflows/5-agentic-development/steps-a/step-02-scan-codebase.md","45f9a2ceaf8cbff5e5e0e0092315b10bb956b892fd5a6610a01d7285189e5f45"
"md","step-02-setup-environment","wds","wds/workflows/5-agentic-development/steps-d/step-02-setup-environment.md","a45546e0ba6359ad39b614a22bc9c929774033b6b893647d5a682c3bc3a4ea6c"
"md","step-02-structure","wds","wds/workflows/0-project-setup/steps/step-02-structure.md","8652939235b2012b281be5f04b6f405aa1ed82e25fb1e6cbb020bf8235803405"
"md","step-02-trigger-map-consistency","wds","wds/workflows/1-project-brief/steps-v/step-02-trigger-map-consistency.md","313de012f6c91d1c37913adff024bb50f0542436797290efd635f8039d32ea91"
"md","step-02-vision","wds","wds/workflows/1-project-brief/steps-c/step-02-vision.md","021818f246fcd47f1adb43ece25c0726deb9af1e058d0cc97f20b86d7c183e8f"
"md","step-02a-explore-realization","wds","wds/workflows/0-alignment-signoff/steps-c/step-02a-explore-realization.md","29ddbb18b5abaf965415e8177c0873139f5a099a68cb5e5d7f5c199db0c3cbad"
"md","step-02b-explore-solution","wds","wds/workflows/0-alignment-signoff/steps-c/step-02b-explore-solution.md","38e5eeb170ebffe413ccd09e28b19cfcfafd4d0deee062601bc93dc27b27d52a"
"md","step-02c-explore-why-it-matters","wds","wds/workflows/0-alignment-signoff/steps-c/step-02c-explore-why-it-matters.md","166f01cac27dc6906195246e0415c666f6fb62f3cf89098f67d0eba45f5718f8"
"md","step-02d-explore-how-we-see-it-working","wds","wds/workflows/0-alignment-signoff/steps-c/step-02d-explore-how-we-see-it-working.md","95aac80c50d2ecbec54538c106e0f9959ee2b7a9f73be442f6c2fa43d5cb10c2"
"md","step-02e-explore-paths-we-explored","wds","wds/workflows/0-alignment-signoff/steps-c/step-02e-explore-paths-we-explored.md","e09ab832db2e90cf5c3a610caa66be2c8aeeded7259d591e53b66bfb53a625ab"
"md","step-02f-explore-recommended-solution","wds","wds/workflows/0-alignment-signoff/steps-c/step-02f-explore-recommended-solution.md","6f7b11ce12f55dd3545ef53344f540f6d948e0618c190993cc8aec0fcef58dd0"
"md","step-02g-explore-path-forward","wds","wds/workflows/0-alignment-signoff/steps-c/step-02g-explore-path-forward.md","ee059ac1246b0478aed22c8dda58dd22a10e105f239ba2800d27d4d583b4748f"
"md","step-02h-explore-value-we-create","wds","wds/workflows/0-alignment-signoff/steps-c/step-02h-explore-value-we-create.md","e371e2505f1def2c41887949917ea7fd801c1acfe581acc25421e34ab44703a9"
"md","step-02i-explore-cost-of-inaction","wds","wds/workflows/0-alignment-signoff/steps-c/step-02i-explore-cost-of-inaction.md","0224301ac100b4238bc915bffba996476dfe9f335cf8b1d174e4074a159688bc"
"md","step-02j-explore-our-commitment","wds","wds/workflows/0-alignment-signoff/steps-c/step-02j-explore-our-commitment.md","254f28cfad092f4f447bae4e315fc89494e8082f9d4b5220a743f05b4fe64ae9"
"md","step-02k-explore-summary","wds","wds/workflows/0-alignment-signoff/steps-c/step-02k-explore-summary.md","b9075e9e8088373bd4a68ee87ec54758cfe738848b494f3d64bf200589de839a"
"md","step-02w-nb-compose-prompt","wds","wds/workflows/4-ux-design/steps-w/step-02w-nb-compose-prompt.md","9f4eaed6f180b3ef68fbea6109854f8c120960e5200b4f87cbd18824b428ff23"
"md","step-03-action-filter","wds","wds/workflows/6-asset-generation/steps-c/step-03-action-filter.md","87018cc214b4d13735efd4c9a551b5cdd716022e39e09630b0190dbb27032b17"
"md","step-03-build-strategic-context","wds","wds/workflows/3-scenarios/steps-c/step-03-build-strategic-context.md","06bab761bd6176b4c0ce7b48c66b9d0a973feeda4d1dbb2ee48d4a6dcbacfb44"
"md","step-03-calculate-similarity","wds","wds/workflows/7-design-system/steps-c/step-03-calculate-similarity.md","81ef881a22aa8d041f1f42f968ef6290ac1b4f0f07ae682d1087f37b5a435aec"
"md","step-03-components-objects","wds","wds/workflows/4-ux-design/steps-p/step-03-components-objects.md","58f060cd05439516fe6672621d64d69c36bac7b0ac689a5fed48636a8e3d6ea8"
"md","step-03-create-test-scenario","wds","wds/workflows/4-ux-design/steps-h/step-03-create-test-scenario.md","d7939f89ae69b3776d0cc600bdb38fee25e53db5fea64bc934c116716b3fa025"
"md","step-03-document-issues","wds","wds/workflows/5-agentic-development/steps-t/step-03-document-issues.md","b94736e7f434ae3262a47f5a7ce764680e76b10f1287904faf9781f86284ffd9"
"md","step-03-fix","wds","wds/workflows/5-agentic-development/steps-f/step-03-fix.md","102bae1f5ec15ac19bdf9704fc18a70535f7af0147d71c259b3de8d4f902c81f"
"md","step-03-generate-specs","wds","wds/workflows/5-agentic-development/steps-r/step-03-generate-specs.md","fa6d6fd1742054272465d195235e5422233e6de2cdd6f8b9a24a4d6280bd4164"
"md","step-03-implement","wds","wds/workflows/5-agentic-development/steps-d/step-03-implement.md","41ea7cb79e84e7df658cc0c262cce1f84007da0080f3382212413ec62d9a4d0b"
"md","step-03-map-architecture","wds","wds/workflows/5-agentic-development/steps-a/step-03-map-architecture.md","5840a2ca63cddf21747888daddd55303dd8a61b39a9c456e49637b8affc1af79"
"md","step-03-mental-state","wds","wds/workflows/4-ux-design/steps-s/step-03-mental-state.md","52f6eaa7d656c6e2a367928eb6b25c82e506b4df7865cbfb996afbbda81d545e"
"md","step-03-outline-completeness","wds","wds/workflows/3-scenarios/steps-v/step-03-outline-completeness.md","76f32888a12859bcd373e2c0fd331a1c45f2e508287b6948cff62da9a1b0c7ca"
"md","step-03-page-overview","wds","wds/workflows/4-ux-design/steps-v/step-03-page-overview.md","4ff9862ffc4f884db266ef923fafa690d0beccdae114f28b1f1eba81a126b42e"
"md","step-03-persona-consistency","wds","wds/workflows/2-trigger-mapping/steps-v/step-03-persona-consistency.md","bf5b21a67e9f735deeab6d6d4acb3206874af66ad8034580303da6a82bbf5ddb"
"md","step-03-plan-implementation","wds","wds/workflows/5-agentic-development/steps-e/step-03-plan-implementation.md","9d44ee91eef09ab67b262716a7f2d3b6a1160950f5d2a4c174bf37b10092bee0"
"md","step-03-positioning","wds","wds/workflows/1-project-brief/steps-c/step-03-positioning.md","e103705e531d055337fbd03f8b998aedc3e38ecc6da1982f083d7dbfa121cb78"
"md","step-03-prepare-specifications","wds","wds/workflows/6-asset-generation/steps-f/step-03-prepare-specifications.md","b26ed188c7609aeeb78bbf7c8068de253b18e08c33205629b585ec10d02332ef"
"md","step-03-review-integrate","wds","wds/workflows/4-ux-design/steps-w/step-03-review-integrate.md","ebafa3f0b617e37924decc9b41992fb0db3cc9c576608e0abd0b83aca8511832"
"md","step-03-select-style","wds","wds/workflows/6-asset-generation/steps-i/step-03-select-style.md","2c0d4a76dcc250e004c8fae54efb2e79d71106a12c6b1470a9fa5a02220fcd05"
"md","step-03-select-style","wds","wds/workflows/6-asset-generation/steps-m/step-03-select-style.md","0521c98e0c1a31bdcfb8094d61cbe298a13c02f5a708960ca537062a32acf4b0"
"md","step-03-select-style","wds","wds/workflows/6-asset-generation/steps-p/step-03-select-style.md","882bd862d5dcc4c8258fd6bdf41d4e0af7384d184a51a1277c9720e73c2ef6bb"
"md","step-03-select-style","wds","wds/workflows/6-asset-generation/steps-u/step-03-select-style.md","9a7b15fa55b86a254273cc869e1dacd7dda6cbfc897b893348db6ab62084a302"
"md","step-03-select-style","wds","wds/workflows/6-asset-generation/steps-v/step-03-select-style.md","29fb04583f43468a510bf3dee7430fd7cdf9453b7898f30521ba3f40418c9cc3"
"md","step-03-select-style","wds","wds/workflows/6-asset-generation/steps-w/step-03-select-style.md","d82f1f3f2a4967e115aa88af1d58f4d23f2a099a018a3c1eb2366a8a9ef0d793"
"md","step-03-seo-strategy","wds","wds/workflows/1-project-brief/steps-v/step-03-seo-strategy.md","ccdea900027954b53f8cbdbd18d458e8e40f75f70f274bfe4546f3f7649a019f"
"md","step-03-target-groups","wds","wds/workflows/2-trigger-mapping/steps-c/step-03-target-groups.md","aceaa9b82ec6a40df5f2f9107ca785b060fe53440f40c17896b0ea47792ae941"
"md","step-03-validate-usage","wds","wds/workflows/4-ux-design/steps-m/step-03-validate-usage.md","c2bcf82ba9e753151bc54180e43be7d843f092685b9616e6b1e9550e4ec28d37"
"md","step-03a-reflect-back","wds","wds/workflows/0-alignment-signoff/steps-c/step-03a-reflect-back.md","eb37515baa589b201476ec3148df84775fd18700ae34e523332c170e0d98e11b"
"md","step-03b-synthesize-document","wds","wds/workflows/0-alignment-signoff/steps-c/step-03b-synthesize-document.md","135595b79f1d17fb04f963ec3207a034222600cd4a4330683366a9060357d012"
"md","step-03d-present-approval","wds","wds/workflows/0-alignment-signoff/steps-c/step-03d-present-approval.md","2f2fabecdfde9dc927ea041b9b5a1640499652af6596acb553396432953b7631"
"md","step-04-content-language","wds","wds/workflows/1-project-brief/steps-v/step-04-content-language.md","9843aea28b868335c0af9bfc33f3488f0693920c10318bd084fe8f439e1acac9"
"md","step-04-content-languages","wds","wds/workflows/4-ux-design/steps-p/step-04-content-languages.md","e4c675e996618e11396010926221da93febd84d3ba838a83665822e9344f8daf"
"md","step-04-cross-scenario-consistency","wds","wds/workflows/3-scenarios/steps-v/step-04-cross-scenario-consistency.md","90b3ffe318446a46e6ae512905a07238faedce3efc767a7d05a6010bd8a095bf"
"md","step-04-document-findings","wds","wds/workflows/5-agentic-development/steps-a/step-04-document-findings.md","ef3a469f2d233a125970c4aa61c90c5060731b08365a3dc45a4f7beab20837e1"
"md","step-04-driving-forces","wds","wds/workflows/2-trigger-mapping/steps-c/step-04-driving-forces.md","86a9110d631ab593a17cb414dfe99bd17396e096c785c25bfbc8cfac2ca3d628"
"md","step-04-empowerment-frame","wds","wds/workflows/6-asset-generation/steps-c/step-04-empowerment-frame.md","fe9103a397ba555e4a8fe9a4fbd0bba3429010f5621e4209519641afda1eea84"
"md","step-04-extract-design-system","wds","wds/workflows/5-agentic-development/steps-r/step-04-extract-design-system.md","36abeb0ec80d7ca81e1dc9d3fec929cf8154f146bc36b54d51f93bacae895c80"
"md","step-04-feature-impact-alignment","wds","wds/workflows/2-trigger-mapping/steps-v/step-04-feature-impact-alignment.md","30385f3df7ac38c25378f588e8763cc70ccd34ec7d938fad41dbe391f53c66ba"
"md","step-04-generate","wds","wds/workflows/6-asset-generation/steps-i/step-04-generate.md","ddcc7abe5298a3836159870bb71dc3e40ba38b30e861309db7eaf13e7132b478"
"md","step-04-generate","wds","wds/workflows/6-asset-generation/steps-p/step-04-generate.md","c731c53ba9ee8113418177fd415cca4e966ad6dfe691b091fb59d6ebd44adeda"
"md","step-04-generate","wds","wds/workflows/6-asset-generation/steps-u/step-04-generate.md","57b52e9446a1c53fbb3738b99612b07fff582012f51bb3e40827dfb5175c601c"
"md","step-04-generate","wds","wds/workflows/6-asset-generation/steps-v/step-04-generate.md","6aaa1fda6fd5e1793c217c81163b284591f43f5797f87d114fafeae60581705e"
"md","step-04-generate","wds","wds/workflows/6-asset-generation/steps-w/step-04-generate.md","09adc0a99ba754e577786b00c2ead4ddd1330425716ffaf7798d43b08155c799"
"md","step-04-generate-validate","wds","wds/workflows/6-asset-generation/steps-f/step-04-generate-validate.md","2dc47f955597d18ffd7333dd1bb95116aad6ae0bbdad8633627d9ede65f6da1d"
"md","step-04-handoff-dialog","wds","wds/workflows/4-ux-design/steps-h/step-04-handoff-dialog.md","c23f9ddc595e7f5b6e8eee0ef5e5fc02a1d6cf7332b7abed0d62c550cdfc1845"
"md","step-04-identify-opportunities","wds","wds/workflows/7-design-system/steps-c/step-04-identify-opportunities.md","8a62c458e086f22d16b45470c67a34f81b0d010461ce925251d9d6adc50de7fc"
"md","step-04-implement","wds","wds/workflows/5-agentic-development/steps-e/step-04-implement.md","a93ceb69d1b44a449492601bd9660be94dff01337dd3d84e920ef8ef2db89b41"
"md","step-04-mutual-success","wds","wds/workflows/4-ux-design/steps-s/step-04-mutual-success.md","4b988bdde8adc8d73241193598b9e81942c79ae1dd1801fc637dbc18fbd8ba1f"
"md","step-04-page-sections","wds","wds/workflows/4-ux-design/steps-v/step-04-page-sections.md","15557210e9898ad4cb5becd8d4490409f6c01bbec50488a75cd5b855c5979f66"
"md","step-04-references","wds","wds/workflows/6-asset-generation/steps-m/step-04-references.md","a24fc99805f444e8403bd9ee056bcbf78a8da6a29dfd6ddc12ee55f5be089e74"
"md","step-04-report","wds","wds/workflows/5-agentic-development/steps-t/step-04-report.md","c658d40e612d168dd7947a06d87b99876d4eafe98026bd593c09d2472513310e"
"md","step-04-suggest-scenarios","wds","wds/workflows/3-scenarios/steps-c/step-04-suggest-scenarios.md","42b30058c3b4a418a872dafabb00f5e5c5c968b945c6a3a4692720ed0c7394e4"
"md","step-04-verify","wds","wds/workflows/5-agentic-development/steps-d/step-04-verify.md","55ad5925b075672804ac8d267e4494a3432a59becba17a15eb37cd1c6bf04008"
"md","step-04-verify","wds","wds/workflows/5-agentic-development/steps-f/step-04-verify.md","3b567b29fdd82eba738b5925ae6b17cc55413fd84edfda059361c1dfcd403a4c"
"md","step-04a-offer-signoff","wds","wds/workflows/0-alignment-signoff/steps-c/step-04a-offer-signoff.md","b756555d173e442ee11920c358654fa108eaea5d961e4cb62918625156d1a4c5"
"md","step-04b-determine-business-model","wds","wds/workflows/0-alignment-signoff/steps-c/step-04b-determine-business-model.md","a029e9e509b193ddc668cb6a457a72ba916d08582bfd2b0c742045e6819320b8"
"md","step-05-business-model","wds","wds/workflows/1-project-brief/steps-c/step-05-business-model.md","815f796c25f936ca032a567aa0b587799e1e030646fbf9e6f91c51fa649366e9"
"md","step-05-cross-document-coherence","wds","wds/workflows/2-trigger-mapping/steps-v/step-05-cross-document-coherence.md","b7bbc262c4398956d50e8c78828cafe3f9ce60509fde93c76bdc8943bb530804"
"md","step-05-document","wds","wds/workflows/5-agentic-development/steps-f/step-05-document.md","adbb10a1c03b7a1a9158c59827c93d850be29f85b33c03dcb86479176cb4240c"
"md","step-05-execute-export","wds","wds/workflows/6-asset-generation/steps-f/step-05-execute-export.md","eb3345098dbe9a5c4748bd3cb295ef012361bd38828aa3ca35b7b0890d0bee4a"
"md","step-05-finalize","wds","wds/workflows/5-agentic-development/steps-d/step-05-finalize.md","adf69c2f5381940e76b49e1ed5456c6b5fd28602e1d47ea9d5a5c98c610bd34e"
"md","step-05-generate","wds","wds/workflows/6-asset-generation/steps-m/step-05-generate.md","436f26695e2fb158f39318208211e96b621028d324915b972d98800e033d4856"
"md","step-05-hand-off","wds","wds/workflows/4-ux-design/steps-h/step-05-hand-off.md","65b0596d0e0c67d21733bfa287c8fab3ed58213304b39afd4af2c2ca0cec53bd"
"md","step-05-identify-risks","wds","wds/workflows/7-design-system/steps-c/step-05-identify-risks.md","5f762984b10202be8d0f3d97bd9c76b12774407b5b0ffda582a3f4f4c8c12b1f"
"md","step-05-interactions","wds","wds/workflows/4-ux-design/steps-p/step-05-interactions.md","13b0c1e232b41f7b98e78b3baa818981702e4b72e98117685ca30135b8db6d10"
"md","step-05-iterate","wds","wds/workflows/5-agentic-development/steps-t/step-05-iterate.md","0967cde63cabeea5a02ae33af2c1129338f13a08ea34b7e14fb9a672e9bd70b3"
"md","step-05-outline-scenario","wds","wds/workflows/3-scenarios/steps-c/step-05-outline-scenario.md","c44750b3ca329f154ed3b7c8bc71d2d76c5e909e2567d34f2717c2c759d524ef"
"md","step-05-prioritization","wds","wds/workflows/2-trigger-mapping/steps-c/step-05-prioritization.md","8b8a08657a80d907a1342468f0a551d7712cce8503fe86caa450babdd3277681"
"md","step-05-review","wds","wds/workflows/6-asset-generation/steps-i/step-05-review.md","cbff485d4a2f6636fd01a042cdc25508dd778715f38826e1894cf8370235cbab"
"md","step-05-review","wds","wds/workflows/6-asset-generation/steps-p/step-05-review.md","82661500f7e97bbe32cbb4adb7e5f76391b6011c226eb9e2dc3d57e37374bec3"
"md","step-05-review","wds","wds/workflows/6-asset-generation/steps-u/step-05-review.md","9142b4e48f80c62ad81480d5989fcebd15e9b90d24e0b4757a0f7d902e7ece22"
"md","step-05-review","wds","wds/workflows/6-asset-generation/steps-v/step-05-review.md","1b2d99c0fa107d808f71929c872faf022c76146a72e5eee83efd37d9bd7a1253"
"md","step-05-review","wds","wds/workflows/6-asset-generation/steps-w/step-05-review.md","2612c6ee8408e5b27c79d0d563382edb28503ac2def9363f9acc16904838af90"
"md","step-05-section-order","wds","wds/workflows/4-ux-design/steps-v/step-05-section-order.md","ac30a8424be69839ea51d12323b4ba72e4e06cd39b923f50651cc1587a499c4a"
"md","step-05-seo-keyword-alignment","wds","wds/workflows/3-scenarios/steps-v/step-05-seo-keyword-alignment.md","b86b7a397355733cd3cc731a5af9f51111f17203427aa332459b37887fa8f89b"
"md","step-05-shortest-path","wds","wds/workflows/4-ux-design/steps-s/step-05-shortest-path.md","c8888092d06d4c4c0737ee1f4d4d175bcc45ae21e9aead324eecadf5cd8c1a97"
"md","step-05-structural-order","wds","wds/workflows/6-asset-generation/steps-c/step-05-structural-order.md","efb84cc4ddd9cad6f3197a84028d9d880ab170bd5907c01213e578a1a9ad2fd7"
"md","step-05-verify-and-document","wds","wds/workflows/5-agentic-development/steps-e/step-05-verify-and-document.md","09e250ca1a87ab44a5bcce90f23e7a8553bdce81105399efe8e1db292711bf6a"
"md","step-05-visual-direction","wds","wds/workflows/1-project-brief/steps-v/step-05-visual-direction.md","721167a6883bc15caae8bb2de1d49b5d65b5cfc54978b0d9d80e7350cd7a055c"
"md","step-05a-contract-overview","wds","wds/workflows/0-alignment-signoff/steps-c/step-05a-contract-overview.md","e438ba08314cef6f1bd9cc087f3354d485619cee797d9566894a4322b6e82c8e"
"md","step-05b-contract-business-model","wds","wds/workflows/0-alignment-signoff/steps-c/step-05b-contract-business-model.md","e0151cfb72c88eac4e3bfa71c7e60cf01b416c727a0e37da8dd2a039623d6e36"
"md","step-05c-contract-scope","wds","wds/workflows/0-alignment-signoff/steps-c/step-05c-contract-scope.md","254172c235ecd202f0cf28c5961dd6a7ce2d47e93e714d1ee9832ed1099929f8"
"md","step-05d-contract-payment","wds","wds/workflows/0-alignment-signoff/steps-c/step-05d-contract-payment.md","e5363c8cefa6570779a7dea1f99907181195c195e430d35042b37a90942fd859"
"md","step-05e-contract-timeline","wds","wds/workflows/0-alignment-signoff/steps-c/step-05e-contract-timeline.md","a28196e66b083a19e519a8503639b9c8383f7accc42da36b2976b1830e4e609c"
"md","step-05f-contract-availability","wds","wds/workflows/0-alignment-signoff/steps-c/step-05f-contract-availability.md","995b1a3cee8fb2509c14493949492c1d1dd19939214d3926ad133f26b44aae47"
"md","step-05g-contract-confidentiality","wds","wds/workflows/0-alignment-signoff/steps-c/step-05g-contract-confidentiality.md","1b04eea779359393dd8743e1c3198d084c09468dd1421d5e89191fd8fa76d2d1"
"md","step-05h-contract-not-to-exceed","wds","wds/workflows/0-alignment-signoff/steps-c/step-05h-contract-not-to-exceed.md","d3d49f060572b413800f11185c87072b40510cda8da081f8b199769e42bf09ad"
"md","step-05i-contract-work-initiation","wds","wds/workflows/0-alignment-signoff/steps-c/step-05i-contract-work-initiation.md","44862ed913a092ffc7217eb5429986abb536fc4b81a486b6c5551257b1edd1b1"
"md","step-05j-contract-terms","wds","wds/workflows/0-alignment-signoff/steps-c/step-05j-contract-terms.md","2a0facaafda0d022590072152bf08488b6efaf5184dfc2d88312909434aa2089"
"md","step-05k-contract-approval","wds","wds/workflows/0-alignment-signoff/steps-c/step-05k-contract-approval.md","e6dc996d928795451725501b6d3a33028cf72fb12d9f599f6057e835bf05669e"
"md","step-05l-finalize-contract","wds","wds/workflows/0-alignment-signoff/steps-c/step-05l-finalize-contract.md","278bea049b12e18637f3ea07a5a3dd5b2127221e1d82a76a964250e2c7dad80b"
"md","step-06-business-customers","wds","wds/workflows/1-project-brief/steps-c/step-06-business-customers.md","2d9f662959daa4f3f852231f14086a2d3feb82656c9af055be93301115cd7eac"
"md","step-06-continue","wds","wds/workflows/4-ux-design/steps-h/step-06-continue.md","ed8cef1d4d37feed62406a7f33d8f8d07cd92337a8a63541315d48b9b14f8de0"
"md","step-06-generate-content","wds","wds/workflows/6-asset-generation/steps-c/step-06-generate-content.md","b5d62bde589b34c59f8a5938982429533347a2f3b7ed473af8922d03bcdc9ba6"
"md","step-06-generate-overview","wds","wds/workflows/3-scenarios/steps-c/step-06-generate-overview.md","2c55796fd1b219b430cb1a307a6bdab0d807c3a6855b3d319e7988c542d996d6"
"md","step-06-object-registry","wds","wds/workflows/4-ux-design/steps-v/step-06-object-registry.md","99045f8f4d33bad23bbd88de7fb8f560b66c9d9f71cadcd648bae35aab0d7839"
"md","step-06-platform-requirements","wds","wds/workflows/1-project-brief/steps-v/step-06-platform-requirements.md","2113a18779b87b3d6eea7ea91cd4cc73e6acb0bdf2ba4dbf267691dd90b48c92"
"md","step-06-present-decision","wds","wds/workflows/7-design-system/steps-c/step-06-present-decision.md","2747d170c4e56275f5c04d57f4b4e092189468b26a90793528833275f281321e"
"md","step-06-review","wds","wds/workflows/6-asset-generation/steps-m/step-06-review.md","b4cbdafc1f95511ce157590ebc1fb74b3bc019654aaac6adafc9ecc27f43e61c"
"md","step-06-scenario-name","wds","wds/workflows/4-ux-design/steps-s/step-06-scenario-name.md","577f59ee14665b7fa667da789121585f7671657185eaa3eff05ef23e02c5eb17"
"md","step-06-states","wds","wds/workflows/4-ux-design/steps-p/step-06-states.md","8d59e3fbaa72aeb98270a7b52233d135ca74fec006e5c972a030a04057d921b3"
"md","step-06a-build-internal-signoff","wds","wds/workflows/0-alignment-signoff/steps-c/step-06a-build-internal-signoff.md","e776df92b514debe1d92d9eed1c68f0c0241726602242c78071c9f4d2b2ed8e1"
"md","step-06a-extract-features","wds","wds/workflows/2-trigger-mapping/steps-c/step-06a-extract-features.md","f0db18e3243eee14f1645eb07e68b0c265b9c436202fa7bfb794471508f495b9"
"md","step-06b-confirm-assessment","wds","wds/workflows/2-trigger-mapping/steps-c/step-06b-confirm-assessment.md","dc41afe8647dac5a1610b724395f243cbecdc5daee47b5148b49d4c01af53898"
"md","step-06b-finalize-signoff","wds","wds/workflows/0-alignment-signoff/steps-c/step-06b-finalize-signoff.md","325f703a54b33e69b57673d0114501892f483666a963c4a472bd4cf49af24a07"
"md","step-06c-make-assessment","wds","wds/workflows/2-trigger-mapping/steps-c/step-06c-make-assessment.md","695c8b35d3607de0497f62ca788f1da4e6b44448378ee083329fe5cd43d19e65"
"md","step-06d-generate-document","wds","wds/workflows/2-trigger-mapping/steps-c/step-06d-generate-document.md","d806aaf98a120ecc16e33f80e5ee8470b063afdd3a6aa108471565c8f04097cc"
"md","step-06e-feature-wrap-up","wds","wds/workflows/2-trigger-mapping/steps-c/step-06e-feature-wrap-up.md","f5908a8fca3a8a68185807ce17ac89d9e9fc982d329397f23b03021f0f029685"
"md","step-07-create-scenario-folder","wds","wds/workflows/4-ux-design/steps-s/step-07-create-scenario-folder.md","34eda44aa34baa26df7faff399f039a3f1a5e1e448aa5bf8ebec8044431bf4bf"
"md","step-07-design-system-separation","wds","wds/workflows/4-ux-design/steps-v/step-07-design-system-separation.md","4a14721a8117cbc2cb6e89abbe751a50fbeb0fe86bf7b49c8883427b99509e3f"
"md","step-07-execute-decision","wds","wds/workflows/7-design-system/steps-c/step-07-execute-decision.md","359755abc13133170b8cab452067d7a14343bf6f37a8fa4cd2c2d55e0e5474dc"
"md","step-07-quality-review","wds","wds/workflows/3-scenarios/steps-c/step-07-quality-review.md","86b6f41c25698cb759975c09a8f3098fef836f027419190b66166124dd0cb797"
"md","step-07-target-users","wds","wds/workflows/1-project-brief/steps-c/step-07-target-users.md","6da1a255eabfbc24c48aa1d89ccdd1c63321b3986455bfb5e98d007000fd4ac4"
"md","step-07-validation","wds","wds/workflows/4-ux-design/steps-p/step-07-validation.md","756f265a6cd140257a8bbc901d98b7bf133f8539028ba9877baff91069111b45"
"md","step-07a-generate-hub","wds","wds/workflows/2-trigger-mapping/steps-c/step-07a-generate-hub.md","1817a449f06558336048e03ea482cc404678e144d8502e582dff8076f195d830"
"md","step-07a-product-concept","wds","wds/workflows/1-project-brief/steps-c/step-07a-product-concept.md","5306fb572e964ced7474d7908d3151037b2152a722cd5bd6e02b1a939d2d9a9d"
"md","step-07b-generate-business-goals","wds","wds/workflows/2-trigger-mapping/steps-c/step-07b-generate-business-goals.md","7b997186b3b43e11a52219c5bc8f173dc221536fb35bdee3c809759f44c4450f"
"md","step-07c-generate-primary-persona","wds","wds/workflows/2-trigger-mapping/steps-c/step-07c-generate-primary-persona.md","32c9b40e4ec63eb584d4328909e7cdd9cc40a42dc4558fc9ce911c1ff654beae"
"md","step-07d-generate-secondary-persona","wds","wds/workflows/2-trigger-mapping/steps-c/step-07d-generate-secondary-persona.md","7e9d8747eed9a38993383cb21edf81b854ff81dea0ad5c00e5e652ca93d430df"
"md","step-07e-generate-tertiary-persona","wds","wds/workflows/2-trigger-mapping/steps-c/step-07e-generate-tertiary-persona.md","62cb09eaabcc9bc2f13f8444554242ddb8d429919a255216af04663adca4b01e"
"md","step-07f-generate-key-insights","wds","wds/workflows/2-trigger-mapping/steps-c/step-07f-generate-key-insights.md","7a60839bab65b65ee6b28b8bfee21cc8de5996b923dd019d60d0d9a99ef0018e"
"md","step-07g-quality-check","wds","wds/workflows/2-trigger-mapping/steps-c/step-07g-quality-check.md","1033ef587365b7ef801140d7172d00d968285f5e5e39f64adb7af86f3abd7d0a"
"md","step-08-page-context","wds","wds/workflows/4-ux-design/steps-s/step-08-page-context.md","ebfd983f00d3485d1eff2f942e25d47d167ad9f5c87425d2a0686f24a6458f3c"
"md","step-08-seo-compliance","wds","wds/workflows/4-ux-design/steps-v/step-08-seo-compliance.md","7f55c1d3c63cfd2439b067f16a318f65d476b7916ca69f17a0a8fa00df3b7ad7"
"md","step-08-spacing-typography","wds","wds/workflows/4-ux-design/steps-p/step-08-spacing-typography.md","495ef9115fe19658c45d7588d2dc79fdb3d7a403934383a3f28e57a5e5c35b72"
"md","step-08-success-criteria","wds","wds/workflows/1-project-brief/steps-c/step-08-success-criteria.md","35d2851035cff2f10e42cac6fec7ce2dfc5b05fb862d587fd54aacd0dc9760ec"
"md","step-08-update-design-log","wds","wds/workflows/3-scenarios/steps-c/step-08-update-design-log.md","1b1d119c1503cfc292956b5a60ecd9ac2f7d81b06e5b87e9062a431eeeefec1b"
"md","step-08a-initialize-design-system","wds","wds/workflows/7-design-system/steps-c/step-08a-initialize-design-system.md","68236a009303300f78cf504e79248dc8cc41fc058c551f774488d86379ae73f7"
"md","step-08a-mermaid-init-structure","wds","wds/workflows/2-trigger-mapping/steps-c/step-08a-mermaid-init-structure.md","dac3f06c234e54c9e8dc49862df8486743ef2f11c81f7cf30302d00168a847a4"
"md","step-08b-create-new-component","wds","wds/workflows/7-design-system/steps-c/step-08b-create-new-component.md","6d360ca7ff0ab73b6a491044b66f06b046ee5eb598568a71b681410d2e747418"
"md","step-08b-mermaid-business-goals","wds","wds/workflows/2-trigger-mapping/steps-c/step-08b-mermaid-business-goals.md","dfeeac07e97d74d5bee72ca3f5f15986867c1c72a0583a07d0589c5d8bda7ef2"
"md","step-08c-mermaid-platform","wds","wds/workflows/2-trigger-mapping/steps-c/step-08c-mermaid-platform.md","f9097ff2881c8c2539feddff5608b639da64a5ae081e5c0df5636da75f9ee3a6"
"md","step-08c-update-component","wds","wds/workflows/7-design-system/steps-c/step-08c-update-component.md","9558f333a205201a95458a3efa2939e64840fb3b26f01d574ae66d02c1579750"
"md","step-08d-add-variant","wds","wds/workflows/7-design-system/steps-c/step-08d-add-variant.md","4867ee1ba711260660251495008565aec13adeeb68570c4ea752e7f7a281de32"
"md","step-08d-mermaid-target-groups","wds","wds/workflows/2-trigger-mapping/steps-c/step-08d-mermaid-target-groups.md","173bdc6abea1d8b15340632b91231431613d63a73a108387dc2e009ea70cc2f9"
"md","step-08e-generate-catalog","wds","wds/workflows/7-design-system/steps-c/step-08e-generate-catalog.md","498c577c4d35cdca2cd0756269d514914a5011f4859ef8399dbe24ba100f31d3"
"md","step-08e-mermaid-driving-forces","wds","wds/workflows/2-trigger-mapping/steps-c/step-08e-mermaid-driving-forces.md","790e5200a0530d5df4454ae68a5386510a123ae658d620a16d9304de408ab225"
"md","step-08f-mermaid-connections","wds","wds/workflows/2-trigger-mapping/steps-c/step-08f-mermaid-connections.md","bafa6daf36c641618cfc4486d924ea90aae23e5b38e1cf732fee65de2e49f77a"
"md","step-08g-mermaid-styling","wds","wds/workflows/2-trigger-mapping/steps-c/step-08g-mermaid-styling.md","2f189ca7e521ed92522fb9661a8c74309e703cce6cbf39152d20b3d40502f96a"
"md","step-08h-mermaid-quality","wds","wds/workflows/2-trigger-mapping/steps-c/step-08h-mermaid-quality.md","971566133f7556156db32118e011d03ece5c00558fb1f227f5d2873170532b7b"
"md","step-09-competitive-landscape","wds","wds/workflows/1-project-brief/steps-c/step-09-competitive-landscape.md","094ede23ef1e6f5c9d6478183b9bf14106d480ff96e24560620d8ca98ab4c7df"
"md","step-09-design-system-consistency","wds","wds/workflows/4-ux-design/steps-v/step-09-design-system-consistency.md","22169595901a4fe4e16a4d9aedae0d651c01d56d6d912cfdd9e5e0365b05d6a6"
"md","step-09-generate-spec","wds","wds/workflows/4-ux-design/steps-p/step-09-generate-spec.md","a84dc411d829c9b904110b498b03acf0a92f27e2d1641882889b8a314f4a479d"
"md","step-09-handover","wds","wds/workflows/3-scenarios/steps-c/step-09-handover.md","2f5c33266fb6f94690f67e891ac24836733794a35c5ca6a48b5eaa346a3d7640"
"md","step-09-page-name","wds","wds/workflows/4-ux-design/steps-s/step-09-page-name.md","58af05202452397f3f73a8b40f3fa2bacc24a1aa06fb43e499c0601e1b16785c"
"md","step-09a-finalize-hub","wds","wds/workflows/2-trigger-mapping/steps-c/step-09a-finalize-hub.md","ba39150327c5e25a3048546d76d9a0c17984a80153d3911a03d7bb0179f72700"
"md","step-09b-add-cross-references","wds","wds/workflows/2-trigger-mapping/steps-c/step-09b-add-cross-references.md","68ee608d4003c22418ff23eaae5456292fc5dc25bcae9fceb8c9e818c97605e0"
"md","step-09c-quality-check","wds","wds/workflows/2-trigger-mapping/steps-c/step-09c-quality-check.md","e6260dc5b3d230b381e5def0b9ba7f4f6ae5507d624fe38d1c8d031e11061a78"
"md","step-09d-create-handover-package","wds","wds/workflows/2-trigger-mapping/steps-c/step-09d-create-handover-package.md","f8599ffd5047a4f22a01100b62d1e09bb4728cc2a681ffea9514de3e57ec2856"
"md","step-09e-update-design-log","wds","wds/workflows/2-trigger-mapping/steps-c/step-09e-update-design-log.md","3231d60b4a5a7a253b94b72a5af00b5493d9ab0344bffda42fa9adaad88c74c5"
"md","step-09f-provide-activation","wds","wds/workflows/2-trigger-mapping/steps-c/step-09f-provide-activation.md","6029888a6f0106079d5d2c2d9a4d4c5a1da1811efc4b2d60591a11de3ce104f5"
"md","step-10-constraints","wds","wds/workflows/1-project-brief/steps-c/step-10-constraints.md","0d3e751a9a528aafe40ec82248ebefa23f36d9c51fdc200b69308ced112a1bab"
"md","step-10-final-validation","wds","wds/workflows/4-ux-design/steps-v/step-10-final-validation.md","b478ff2c41fa7243f4567bf7fc0adfcb9e0bd08fb201233f87af6252db41fbd2"
"md","step-10-page-purpose","wds","wds/workflows/4-ux-design/steps-s/step-10-page-purpose.md","a6a40bae78deb8e032630c36d4020a4cbac72cabc263871e416b33856c96d68a"
"md","step-10a-platform-strategy","wds","wds/workflows/1-project-brief/steps-c/step-10a-platform-strategy.md","ba1916a6deab0d68813a8b87af64107227382926fa38ddda9989969ca83eefa3"
"md","step-11-entry-point","wds","wds/workflows/4-ux-design/steps-s/step-11-entry-point.md","eb271ef22c2126f54bc7f1131714b5a73c6f425d4a3858323ced36e85f8ef3b9"
"md","step-11-tone-of-voice","wds","wds/workflows/1-project-brief/steps-c/step-11-tone-of-voice.md","181732821f4ef6eab882b9edf584010652efa45510df793a6d4f3ceff89faff1"
"md","step-12-create-product-brief","wds","wds/workflows/1-project-brief/steps-c/step-12-create-product-brief.md","43c1bab8f760d71230cf6664ddd978aee9c98702da2a96d8db3940f0849df974"
"md","step-12-mental-state","wds","wds/workflows/4-ux-design/steps-s/step-12-mental-state.md","1a2a910ac3d832369bb72d5c75a284be9a927d55017c0779e374bc1116dfc0e1"
"md","step-13-content-init","wds","wds/workflows/1-project-brief/steps-c/step-13-content-init.md","5a14bdf237f8db13dce973b495c69ec5aaed21a99b8e0bc42416ece8e49cc296"
"md","step-13-desired-outcome","wds","wds/workflows/4-ux-design/steps-s/step-13-desired-outcome.md","586e1bfa78efe2dde83c5f4896014e6218ca4c9a1a58e56dce275c425c0f6582"
"md","step-14-personality","wds","wds/workflows/1-project-brief/steps-c/step-14-personality.md","9b6c6c22f008e7e15a4c08e15d0db5597856723b4c7f5b540fe6068ae3dfc15b"
"md","step-14-variants","wds","wds/workflows/4-ux-design/steps-s/step-14-variants.md","357454dbe655309dad68f4e759c76200488162cf5236ecf07066dd7aeeecaf09"
"md","step-15-create-page-structure","wds","wds/workflows/4-ux-design/steps-s/step-15-create-page-structure.md","11a15db4b552613ce8781e94ceb6fa876f96c904c0a63a9e6bdbb7daa21bf2ba"
"md","step-15-tone","wds","wds/workflows/1-project-brief/steps-c/step-15-tone.md","80349c98d1c285bcd3fee8bee1c95749ec4921de277719fc2c024d6a87377fdf"
"md","step-16-languages","wds","wds/workflows/1-project-brief/steps-c/step-16-languages.md","78320e5b5fd64a82272616ab7e21e04f19659f4b33e2c72bfb79dc0a60dfabe2"
"md","step-17-seo-keywords","wds","wds/workflows/1-project-brief/steps-c/step-17-seo-keywords.md","2cb1a91b8cf935c7653f86ac277262f8e44e14d5bf7da9151fc63f67059ced3b"
"md","step-17a-content-structure","wds","wds/workflows/1-project-brief/steps-c/step-17a-content-structure.md","a145f04f0b06d5a529b78f432a1b3cd2f649101331d813d9f648f54e7cafa055"
"md","step-18-create-content-document","wds","wds/workflows/1-project-brief/steps-c/step-18-create-content-document.md","2627c4819924b62264e000468a9be00b3526eb92415444807e9a9bfa1203c569"
"md","step-19-inspiration-workshop","wds","wds/workflows/1-project-brief/steps-c/step-19-inspiration-workshop.md","c922f1c04936fa7000b71b3932da4e9c436b2fd816ae4a7c8f7f0f1665c4ee3c"
"md","step-20-visual-init","wds","wds/workflows/1-project-brief/steps-c/step-20-visual-init.md","1cacea0088fdd77a20ce8e8d55343a101a45089fd73c2109c3f788f07d70acda"
"md","step-21-existing-brand","wds","wds/workflows/1-project-brief/steps-c/step-21-existing-brand.md","65341291e412d22f831b72cb35c76266994e9325fd52e939abe81cfdeab0c216"
"md","step-22-references","wds","wds/workflows/1-project-brief/steps-c/step-22-references.md","387ac0455a1f1a1f59840ae3dcfbd77b90c7db1ebc0f6012d194651860170654"
"md","step-23-design-style","wds","wds/workflows/1-project-brief/steps-c/step-23-design-style.md","e4e520eb4945584d42d22969ac4e5a4f28d49bebb6176e1d82662e4185045cf7"
"md","step-24-layout-effects","wds","wds/workflows/1-project-brief/steps-c/step-24-layout-effects.md","43e3e723adbe2d53cd2d93a22b5d2a27f560420fc579beebc4aa452fbd4ce868"
"md","step-25-imagery","wds","wds/workflows/1-project-brief/steps-c/step-25-imagery.md","8996fa01b549691a4d4a9a690947064a26b964292664f872f230f83ab6ad4105"
"md","step-26-create-visual-document","wds","wds/workflows/1-project-brief/steps-c/step-26-create-visual-document.md","e06ac52be2053c1afed3c036b21abd8d711cd1cd338fdb2af38b8fed0f4c17ea"
"md","step-27-platform-init","wds","wds/workflows/1-project-brief/steps-c/step-27-platform-init.md","85f7876341cd11387d303341d69536b3ac2f7772a1ade9367dd057d5d0b52eb6"
"md","step-28-tech-stack","wds","wds/workflows/1-project-brief/steps-c/step-28-tech-stack.md","2f62a5773d0281cecbddc9cc38277445c28846496848c6747eb26a09a78b8c39"
"md","step-29-integrations","wds","wds/workflows/1-project-brief/steps-c/step-29-integrations.md","da123410c3cbecd5a27fb3e959c4f520f69a07b6ce82a700aee88d457a27ac94"
"md","step-30-contact-strategy","wds","wds/workflows/1-project-brief/steps-c/step-30-contact-strategy.md","ebe088b84d8661e279aeb5ad83656024facf0b5046796bc94ae8eebef5901372"
"md","step-31-multilingual","wds","wds/workflows/1-project-brief/steps-c/step-31-multilingual.md","e1f56183ee2ab39b7f3d70106c9efcc250e0fe91146a13a646f547921f5267d8"
"md","step-32-create-platform-document","wds","wds/workflows/1-project-brief/steps-c/step-32-create-platform-document.md","148b6f61cf7536c5f4dc2551fcebe19d6cb617a69dea0eb5af6d942a1f088444"
"md","step-33-analyze-brief","wds","wds/workflows/1-project-brief/steps-c/step-33-analyze-brief.md","0a30cc9923da60b83a828180c85e500a1cac4176ea631b091d3860dd83b7406d"
"md","step-34-create-summary","wds","wds/workflows/1-project-brief/steps-c/step-34-create-summary.md","b41b135fa3dd9a38a77fb64fc90c8d286bcbcf7ecdb37d9519020100c8203e2c"
"md","step-35-update-design-log","wds","wds/workflows/1-project-brief/steps-c/step-35-update-design-log.md","0676aed048c41984bcd23cbb50d8f798dfead88ed71fc8222f5c163add9fd06c"
"md","step-36-provide-activation","wds","wds/workflows/1-project-brief/steps-c/step-36-provide-activation.md","ad9d3c7cc5a835103eacf73b730d450cb401851dc6140753b4f5a1ce8e9fd382"
"md","stitch-prompt.template","wds","wds/workflows/6-asset-generation/templates/stitch-prompt.template.md","b15c0e154d9b75c889dfe045e31dcc0dd2526845bef552ecbc9988ab9a4d9cdd"
"md","story-file-template","wds","wds/workflows/5-agentic-development/templates/story-file-template.md","a3476cfb3096eea5f14514349292a5d65d2c88004c95f9321b66a79a0cf35adc"
"md","STORYBOARD-INTEGRATION","wds","wds/workflows/4-ux-design/data/modular-architecture/STORYBOARD-INTEGRATION.md","945e4c0f4fb49c628b9537a21fdec0319d78a6805003cf42133c46bcf5813158"
"md","storyboard-specification.template","wds","wds/workflows/4-ux-design/templates/storyboard-specification.template.md","dbcbd9eb8eb7a2285a19d2dfcd20bd4ba6785ee86ae84be082f3b67dc3ec7383"
"md","storyboards-guide","wds","wds/workflows/4-ux-design/data/modular-architecture/02-workflows/storyboards-guide.md","9d29601e3ee0b55109a4bf9458e4f1d3f08ba8bf0bba9806d985574ddc5df65e"
"md","strategic-design","wds","wds/data/agent-guides/freya/strategic-design.md","1e662e40824220e32634895f24b16b47bc96140f661a2ad44bda391e899a1762"
"md","strategic-documentation","wds","wds/data/agent-guides/saga/strategic-documentation.md","927ab12e3ee675fc44f776ae62286e966430affd9cd3d41915b5c0694772ef26"
"md","substeps-guide","wds","wds/workflows/4-ux-design/data/substeps-guide.md","de770b28f5c9a491696656ae79ce26715e940315c50739ca409d13db649458d1"
"md","test-result-templates","wds","wds/workflows/5-agentic-development/data/test-result-templates.md","16a6b139c13702f314e737fa6dc0e70f88a387e1521afd7081bc417e7089c4a4"
"md","testing-guide","wds","wds/workflows/5-agentic-development/data/testing-guide.md","9a8505c1e98fb25f14231b4a9036c62f8e6acce668114891a2b5aa933f997933"
"md","TEXT-DETECTION-PRIORITY","wds","wds/workflows/4-ux-design/data/object-types/TEXT-DETECTION-PRIORITY.md","7f033d42b7fc07dec54b8002c4513bfe77828891cd0889038ea21b1f7feba086"
"md","text-input","wds","wds/workflows/4-ux-design/data/object-types/templates/text-input.md","83efe943363920a2250001ff0dc2c8839dddccad96dd8721c6999e4d39b0b43d"
"md","three-tier-overview","wds","wds/workflows/4-ux-design/data/modular-architecture/01-core-concepts/three-tier-overview.md","638117eee07ddaf412ab5a6e2f524f74f648939685f5d848de815a24d73fa0e3"
"md","token-architecture","wds","wds/data/design-system/token-architecture.md","99d53ffe20a6e49db88ef531d6ba7aaa28b5b82bcf062c48fa8ac855067603c7"
"md","tone-of-voice-example","wds","wds/workflows/1-project-brief/data/tone-of-voice-example.md","601080a7fbdf2aff4462fdce79756a390e1903f22c421cb3bfbc35223f382b74"
"md","tone-of-voice-output-template","wds","wds/workflows/1-project-brief/data/tone-of-voice-output-template.md","f5f2740a0ab6926b60124f12c7505f38cdfade9b9ec4e4c91214af059b959147"
"md","tools-reference","wds","wds/workflows/6-asset-generation/data/tools-reference.md","8e7a5245c0075219c479c88b903a908fed65d9eccead4dc21f22489521bcbb77"
"md","TRANSLATION-ORGANIZATION-GUIDE","wds","wds/workflows/4-ux-design/data/guides/TRANSLATION-ORGANIZATION-GUIDE.md","41a62a6ab93697bad4be3927b1fee02241a1d841cf6125e1d9916fc00354fbf6"
"md","trigger-map.template","wds","wds/workflows/2-trigger-mapping/templates/trigger-map.template.md","94f83922834b301d90d5ec014d00c2b27935f4eafab6d48dc6f9023d5bc82715"
"md","trigger-mapping","wds","wds/data/agent-guides/saga/trigger-mapping.md","a9e9caba23d1508cf02caeecd9cd28de0468a779cd2d39b338bc00991533055a"
"md","USAGE","wds","wds/workflows/1-project-brief/templates/project-brief-dialog/USAGE.md","86407db095fe1af2b3c9c417394520d442af64f674c295843e7c4c63adac5606"
"md","validation-patterns","wds","wds/data/design-system/validation-patterns.md","a7422f4e9335960eb6666ffe25216b893e39b8c968eed65406166efc49b34cfc"
"md","validation-standards","wds","wds/workflows/3-scenarios/data/validation-standards.md","1582725afbb91a7f5d704c06de267c19daa690db4051428650a00f5cb713f4d9"
"md","validation-standards","wds","wds/workflows/4-ux-design/data/validation-standards.md","4651d2a977191c81f34147c3dab85f2d7792025eb8630da5a34db987861d44f4"
"md","vision-explore","wds","wds/workflows/1-project-brief/data/vision-explore.md","36f5ed2ef1f28eabc316aa748544e61610915733076f48d51067ea31dc5a5912"
"md","vision-open-conversation","wds","wds/workflows/1-project-brief/data/vision-open-conversation.md","b106fed5e8621ca1f296a6f8fdab366193e5ee524cc4d2f5ea31a057ab501ce1"
"md","vision-reflect-confirm","wds","wds/workflows/1-project-brief/data/vision-reflect-confirm.md","eaa9b7ae0da62d4948257699374f65443d6a166b5beb9703d1bc7bb219279af2"
"md","vision-synthesize","wds","wds/workflows/1-project-brief/data/vision-synthesize.md","20e9d1abf6e578b987390c6f96a60376c446c728c47e5b86c76c2eca14b403bd"
"md","visual-direction.template","wds","wds/workflows/1-project-brief/templates/visual-direction.template.md","7eb2ae82a75d579242861d3a2867c8f4e34efffda04de66c695ebcf96634058f"
"md","watercolor","wds","wds/workflows/6-asset-generation/data/styles/content-styles/watercolor.md","d56e57b7191ea275588d885b96df18f87870e519627d14f1bf696ce11e67978e"
"md","WDS-SPECIFICATION-PATTERN","wds","wds/workflows/4-ux-design/data/guides/WDS-SPECIFICATION-PATTERN.md","f4b15e4fea29083060fb83f762705ff5eb925c064fe99969df95f99ff0c4aa35"
"md","when-to-extract-decision-guide","wds","wds/workflows/6-asset-generation/data/when-to-extract-decision-guide.md","263b3c48567f63c79f959f77f53d7a3c64495c68f175bed0fab3c7a18c14e8f4"
"md","workflow","wds","wds/workflows/0-alignment-signoff/workflow.md","f97ac578492b076c593cf6707b00b67b2cd24ec0fe074fef72dfae8877bc2113"
"md","workflow","wds","wds/workflows/0-project-setup/workflow.md","7c09a81e21a9d6dc5732e43297853785beedd7b4623f84667b163baa222dbcf8"
"md","workflow","wds","wds/workflows/1-project-brief/workflow.md","df733fb3be6458b34726db2b297faa975ea9b72af288d48749bf7b76c6b67455"
"md","workflow","wds","wds/workflows/2-trigger-mapping/workflow.md","0411162743bc0b01b136e2b5bbc647af016175e1c674c74f1f7a0ee27b1c971c"
"md","workflow","wds","wds/workflows/3-scenarios/workflow.md","a7717ec8c16ec49e5ac5ad6f6523f88f342de352eeeee6f036c736b1b334e3f2"
"md","workflow","wds","wds/workflows/4-ux-design/data/modular-architecture/workflow.md","4238177ffbb1b8dcfd4ac3c135795ec2c27335378b8dce5d7bf4864eeded734b"
"md","workflow","wds","wds/workflows/4-ux-design/data/object-types/workflow.md","92042ccb2e21229905b5ff7717fdbb86135ee343ee6a4b21d2b8a887be965a0c"
"md","workflow","wds","wds/workflows/4-ux-design/workflow.md","a8e9f9f0649683d628e5270c6213a0934771c5fe71359b4e782ac838ce284b25"
"md","workflow","wds","wds/workflows/5-agentic-development/workflow.md","1ad03a0bfd690bf526d39f480be5d98994e34eaebaf7905ec3b331a1c401b941"
"md","workflow","wds","wds/workflows/6-asset-generation/workflow.md","0fd9605ea98e8dcb0be106ee00d54a9923543f5d06845efadeb17e9be7437fb0"
"md","workflow","wds","wds/workflows/7-design-system/workflow.md","1ccf13ed86fb0858573c56a5b39277e99f95a9c01a9174f28a678af52f2aed52"
"md","workflow","wds","wds/workflows/8-product-evolution/workflow.md","b07ce4ba0325c345d5ff3cfca0656e446f794646f8dd775f16062350762a0749"
"md","workflow-acceptance-testing","wds","wds/workflows/5-agentic-development/workflow-acceptance-testing.md","be28e68a97309e800f496fdeb9c505d6a51806644c636d57213864178e237910"
"md","workflow-analysis","wds","wds/workflows/5-agentic-development/workflow-analysis.md","886fbef57c330f491f8161cd475081114961c8987a3884602acf5ef8b5aea0d0"
"md","workflow-analyze","wds","wds/workflows/8-product-evolution/workflow-analyze.md","f1db7e98e95a58c91f0af0e027e2e2f5de5116a1e8dd7aa46fda0abc8501bad6"
"md","workflow-browse","wds","wds/workflows/7-design-system/workflow-browse.md","7f538e0e010a448af969f52f012ae66556864c1d7bbdf1f7f9629d6cedfb364f"
"md","workflow-bugfixing","wds","wds/workflows/5-agentic-development/workflow-bugfixing.md","5386a3e65ec708156cb748fdca6a78f497cd9907f42311eb7697cc5f07582603"
"md","workflow-conceptualize","wds","wds/workflows/4-ux-design/workflow-conceptualize.md","05c9cebde6d668b80052682d8b09c791b43c52e3ee3361068a72d12432ac18bf"
"md","workflow-content","wds","wds/workflows/6-asset-generation/workflow-content.md","afd0449395f5bc7717e132b1521dfe3adf3515538c58e20ad064c744bd3d871f"
"md","workflow-create","wds","wds/workflows/7-design-system/workflow-create.md","2d7954b331424f8367d210f3a2eafd46efb43e5f83688b9c044b6ec137800db1"
"md","workflow-deploy","wds","wds/workflows/8-product-evolution/workflow-deploy.md","ab8558bd74421aa9cf0a3153575b4eb405b8588893370847a37643f2790c0104"
"md","workflow-design","wds","wds/workflows/8-product-evolution/workflow-design.md","193fece794fa5d571149c81aed62d68fd76d53f8b3f3bdd22b4c59f2000659d6"
"md","workflow-design-system","wds","wds/workflows/4-ux-design/workflow-design-system.md","0567f5faa7ff9f4896f10b8df51888ff20a568b247f86e282bb569015ffb71ff"
"md","workflow-development","wds","wds/workflows/5-agentic-development/workflow-development.md","6ff1ae164a2569d590de891abee62e62b48e4defe45c9ad61dda8945c8c4614f"
"md","workflow-dream","wds","wds/workflows/4-ux-design/workflow-dream.md","c5b570a4338ad8f94b4965bc03118c9ada4e0aa0ecacc890ad4d702785b88609"
"md","workflow-edit","wds","wds/workflows/7-design-system/workflow-edit.md","7eeeffb43eceb261022cd889f394b84dd5eafb53426276878a33b8628cf203e1"
"md","workflow-evolution","wds","wds/workflows/5-agentic-development/workflow-evolution.md","f3d9cf2888bf0ae9a251618039ec5a9a8921febf684c7871aa5b49cf7a2a8fe1"
"md","workflow-figma","wds","wds/workflows/6-asset-generation/workflow-figma.md","5325c73e39865532662c2bc5c3aa481305b7d00b076dfc3a854ec95067c59c20"
"md","workflow-handover","wds","wds/workflows/4-ux-design/workflow-handover.md","c8c56558e8d95a1ae1b4f52459d28a426b5b971cda1d812ab35e7e237bd3438d"
"md","workflow-icons","wds","wds/workflows/6-asset-generation/workflow-icons.md","d95cfd51bc40dc55606f99a1659fa1c5a176b20c9de92a832b381e775d5af5e0"
"md","workflow-images","wds","wds/workflows/6-asset-generation/workflow-images.md","10c97f8131ea3afa7d9ff29a2b7459af3166efd9db08c7a4b550e2c62fc6c6c6"
"md","workflow-implement","wds","wds/workflows/8-product-evolution/workflow-implement.md","63ac4968c28a935049f3410df3d717b4d77e8ef40aa32b3a5b5ad8b16a1b3b34"
"md","workflow-import","wds","wds/workflows/7-design-system/workflow-import.md","411c812fde6ebddcd3ddd9d371c0ca90cd8a09a2f7e6306e5bbfcc31d88dd244"
"md","workflow-page-designs","wds","wds/workflows/6-asset-generation/workflow-page-designs.md","a1a930fb39d8e8fb7914e99f88f3ea39f0ae8300522f4229f3bbbf6207916afe"
"md","workflow-prototyping","wds","wds/workflows/5-agentic-development/workflow-prototyping.md","bcb375c3adf563def0c90b7315d60440e892fad1ed0c5a1147f5c9c397656839"
"md","workflow-reverse-engineering","wds","wds/workflows/5-agentic-development/workflow-reverse-engineering.md","227b40322e13f19b705fba08f9f084fe5e623431718b0f050f07b1fd7650bf84"
"md","workflow-scope","wds","wds/workflows/8-product-evolution/workflow-scope.md","dfad80e69c1c5a6d3aaf3514f5b1e4ba9a29694e4ef2db8986b611cf84ea66e9"
"md","workflow-sketch","wds","wds/workflows/4-ux-design/workflow-sketch.md","8cca11c01cfb18af3152afe8217a29c039ff92186d40be41f3d1cc9eeebe1491"
"md","workflow-specify","wds","wds/workflows/4-ux-design/workflow-specify.md","34baf5fac97d72e61fa5adb2f52ecebe0af0c7b09f099db2396698bb80c8ba62"
"md","workflow-stitch","wds","wds/workflows/6-asset-generation/workflow-stitch.md","fbf8ccf47920a7f19b6c9473aa9830adefaa817262a9bcfa098b8758d5d39910"
"md","workflow-suggest","wds","wds/workflows/4-ux-design/workflow-suggest.md","f9f9a8a87ca0fc15ee5b134e7e73f19fb53bf65a9a1c56c5ad211bfda8630782"
"md","workflow-test","wds","wds/workflows/8-product-evolution/workflow-test.md","cfc0753161ab4d43fe4d09412a8d8cd1d0617e4a52ddd707af46b9c8182619fa"
"md","workflow-ui-elements","wds","wds/workflows/6-asset-generation/workflow-ui-elements.md","4fb3ccaf5f452df930c9d56cd4e6e9de60157e2cf01479f883c8966691e0f89d"
"md","workflow-validate","wds","wds/workflows/1-project-brief/workflow-validate.md","61486c1e6eac9f461e87cdf1813dd468f237e09cde6898513a5a39209ed05987"
"md","workflow-validate","wds","wds/workflows/2-trigger-mapping/workflow-validate.md","024e11958ad3db630d79087e0a31dd5664dd93f1767a55b6ac855a4bad6010e5"
"md","workflow-validate","wds","wds/workflows/3-scenarios/workflow-validate.md","08f62585c26a9efca27487110d4e326df16812b703a4eb8b927a565150f96477"
"md","workflow-validate","wds","wds/workflows/4-ux-design/workflow-validate.md","d0d8b04b3603a14bc03c6052e10fef7a96a97b47d1981084a4be3377e8201093"
"md","workflow-videos","wds","wds/workflows/6-asset-generation/workflow-videos.md","728ea2158f7b5a81eff0f82f0d4e25798a6f378f4bad523924dad82632704349"
"md","workflow-view","wds","wds/workflows/7-design-system/workflow-view.md","ddf8bf8b1035570e116ceeae6a7bbdbc3212832f1649e996c0cfa3a31c389850"
"md","workflow-visual","wds","wds/workflows/4-ux-design/workflow-visual.md","f67bbff872c0df5d0ab11d572114f71ca9a93f931aa65110b939762875db8be8"
"md","workflow-wireframes","wds","wds/workflows/6-asset-generation/workflow-wireframes.md","b53b9011077d80a8850ca39fbf38b2dfdab9b115e18a6af86e154d3f4ef320fa"
"md","working-with-existing-materials","wds","wds/data/agent-guides/saga/working-with-existing-materials.md","a5248cfe2dbcc0ea3da3fb446bae402bebdaf0df0f5215a6a85f3e4f4bb512cf"
"md","workshop-c-placeholder-pages","wds","wds/workflows/4-ux-design/data/page-creation-flows/workshop-c-placeholder-pages.md","199a9f083e3c23bb600397a2635c8b11183cec0ec1d390252b22b11031a00a2b"
"md","workshop-page-creation","wds","wds/workflows/4-ux-design/data/page-creation-flows/workshop-page-creation.md","f307a2e7bfdb656e9fab228fd5dab319d6280e3d99fbef48418b6554b9bbc75d"
"md","workshop-page-process","wds","wds/workflows/4-ux-design/data/page-creation-flows/workshop-page-process.md","4f143ef7771afc1d8e50f9b1b6c8724384beeb6e64338b85fc6f29c03f7be4fa"
"yaml","config","wds","wds/config.yaml","47591a295b1e4e1a507d7ce16c16301aaa0e6b5c987de016418f7eb38f651443"
"yaml","design-delivery.template","wds","wds/workflows/4-ux-design/templates/design-delivery.template.yaml","eb62c49805e938df7be4e5cb810d27e31554d8dac438d14c0fcd8c64714b8f40"
"yaml","platform-requirements.template","wds","wds/workflows/1-project-brief/templates/platform-requirements.template.yaml","0b1b53d7a73857f8065f2e86532864fa989b5ec36686334a39f5543b1cec685d"
"yaml","test-scenario.template","wds","wds/workflows/4-ux-design/templates/test-scenario.template.yaml","7f837a4eecb2c330d0b16e9497bf2b61e4b8db4965a917a1d9511ce4e18cd5c3"
"yaml","work-file-template","wds","wds/workflows/5-agentic-development/templates/work-file-template.yaml","87bf9a8c1dca152d320f2b5431234cb4adb7994f07a60728a6aab85b17a3f31b"
